{"stats":{"minecraft:killed_by":{"minecraft:skeleton":2},"minecraft:picked_up":{"minecraft:crafting_table":1,"minecraft:feather":2,"minecraft:salmon":10,"friendsandfoes:totem_of_illusion":1,"weaponworks:stone_scythe":1,"minecraft:string":9,"minecraft:dirt":10,"minecraft:bone":27,"minecraft:bow":1,"minecraft:wheat_seeds":1,"minecraft:spruce_planks":103,"minecraft:spruce_slab":4,"minecraft:polished_andesite_slab":1,"minecraft:stick":15,"minecraft:copper_ingot":1,"minecraft:sand":23,"minecraft:spruce_sapling":26,"minecraft:spruce_log":92,"minecraft:spruce_door":1,"minecraft:brown_carpet":1,"minecraft:arrow":4,"minecraft:rotten_flesh":12,"minecraft:stone_axe":1,"minecraft:bone_meal":33,"minecraft:emerald":1,"minecraft:spruce_button":1,"minecraft:coal":11,"minecraft:iron_bars":2,"minecraft:cobblestone":40},"minecraft:used":{"minecraft:spruce_door":5,"minecraft:spruce_slab":4,"minecraft:stone_pickaxe":64,"minecraft:chest":1,"minecraft:wooden_pickaxe":3,"minecraft:spruce_planks":137,"minecraft:shield":4,"minecraft:iron_sword":34,"minecraft:cooked_salmon":8,"minecraft:cooked_chicken":1,"minecraft:rotten_flesh":6,"minecraft:cookie":3,"minecraft:torch":14,"minecraft:golden_apple":2,"minecraft:dirt":3,"minecraft:crafting_table":3,"weaponworks:stone_scythe":67,"minecraft:spruce_log":2,"minecraft:apple":2,"friendsandfoes:totem_of_illusion":1,"minecraft:bread":5,"minecraft:spruce_sapling":6,"minecraft:polished_andesite_slab":1,"minecraft:stone_axe":104,"minecraft:furnace":1,"minecraft:bone_meal":9},"minecraft:dropped":{"minecraft:iron_sword":3,"minecraft:stone_axe":1,"weaponworks:stone_scythe":1,"minecraft:feather":1,"minecraft:iron_horse_armor":1,"minecraft:copper_ingot":1,"minecraft:spruce_door":2,"minecraft:dirt":6,"minecraft:shield":1,"minecraft:spruce_planks":102,"minecraft:cooked_salmon":1,"minecraft:bone_meal":32,"minecraft:brown_carpet":1,"minecraft:spruce_sapling":12,"minecraft:bone":18},"minecraft:crafted":{"minecraft:crafting_table":2,"minecraft:spruce_planks":216,"travelersbackpack:backpack_tank":2,"minecraft:wooden_pickaxe":1,"minecraft:iron_helmet":1,"minecraft:cooked_chicken":1,"minecraft:spruce_door":6,"minecraft:furnace":1,"minecraft:cooked_salmon":10,"minecraft:bone_meal":96,"minecraft:stone_axe":1,"minecraft:air":0,"minecraft:glass":15,"minecraft:white_wool":3,"minecraft:charcoal":6,"minecraft:shield":2,"minecraft:stick":20,"minecraft:stone_pickaxe":2,"minecraft:white_bed":1,"minecraft:chest":2,"minecraft:iron_leggings":1,"minecraft:torch":32,"weaponworks:stone_scythe":1},"minecraft:custom":{"minecraft:interact_with_furnace":18,"minecraft:mob_kills":35,"minecraft:interact_with_crafting_table":27,"minecraft:open_barrel":37,"minecraft:leave_game":1,"minecraft:time_since_death":59472,"minecraft:climb_one_cm":4782,"minecraft:time_since_rest":59504,"minecraft:sprint_one_cm":221548,"minecraft:damage_absorbed":79,"minecraft:damage_taken":1624,"minecraft:walk_one_cm":255028,"minecraft:damage_blocked_by_shield":120,"minecraft:drop":51,"minecraft:damage_dealt":4405,"minecraft:swim_one_cm":112221,"minecraft:fly_one_cm":278154,"minecraft:open_chest":18,"minecraft:crouch_one_cm":243,"minecraft:play_time":79769,"minecraft:deaths":2,"minecraft:sneak_time":556,"minecraft:walk_under_water_one_cm":34567,"minecraft:jump":1091,"minecraft:interact_with_brewingstand":1,"minecraft:walk_on_water_one_cm":28563,"minecraft:total_world_time":79769,"minecraft:fall_one_cm":17708},"minecraft:killed":{"minecraft:salmon":11,"minecraft:skeleton":5,"minecraft:zombie":8,"minecraft:drowned":3,"minecraft:illusioner":1},"minecraft:mined":{"minecraft:kelp_plant":1,"minecraft:brown_carpet":1,"minecraft:crafting_table":1,"minecraft:grass_block":6,"minecraft:polished_andesite_slab":1,"minecraft:spruce_leaves":6,"minecraft:spawner":7,"minecraft:spruce_sapling":1,"minecraft:spruce_log":90,"minecraft:grass":2,"minecraft:coal_ore":11,"minecraft:iron_bars":2,"minecraft:sand":23,"minecraft:dirt":4,"minecraft:cobweb":9,"minecraft:stone":43,"minecraft:spruce_slab":4,"minecraft:fern":6}},"DataVersion":3465}