{"stats":{"minecraft:killed":{"minecraft:salmon":14,"minecraft:skeleton":5,"minecraft:zombie":8,"minecraft:chicken":1,"minecraft:illusioner":1,"minecraft:drowned":3},"minecraft:killed_by":{"minecraft:skeleton":2},"minecraft:picked_up":{"minecraft:crafting_table":2,"minecraft:wheat":66,"minecraft:feather":2,"minecraft:anvil":4,"minecraft:salmon":13,"friendsandfoes:totem_of_illusion":1,"minecraft:potato":382,"weaponworks:stone_scythe":1,"minecraft:dirt":10,"minecraft:string":9,"minecraft:bone":27,"minecraft:bow":1,"minecraft:wheat_seeds":183,"minecraft:spruce_planks":142,"minecraft:poppy":2,"minecraft:spruce_slab":8,"minecraft:polished_andesite_slab":1,"minecraft:furnace":1,"minecraft:stick":15,"minecraft:copper_ingot":1,"minecraft:jungle_planks":7,"minecraft:poisonous_potato":2,"minecraft:sand":23,"minecraft:spruce_sapling":26,"minecraft:spruce_log":93,"minecraft:spruce_door":1,"minecraft:brown_carpet":1,"minecraft:arrow":4,"minecraft:rotten_flesh":12,"minecraft:stone_axe":1,"minecraft:iron_helmet":1,"minecraft:bone_meal":33,"minecraft:spruce_button":1,"minecraft:emerald":1,"minecraft:baked_potato":1,"minecraft:iron_bars":2,"minecraft:coal":11,"minecraft:cobblestone":40},"minecraft:broken":{"minecraft:stone_axe":1},"minecraft:crafted":{"minecraft:red_dye":2,"minecraft:crafting_table":3,"minecraft:spruce_planks":216,"minecraft:cooked_chicken":1,"minecraft:baked_potato":3,"travelersbackpack:backpack_tank":2,"minecraft:iron_helmet":1,"minecraft:wooden_pickaxe":1,"travelersbackpack:standard":1,"minecraft:spruce_door":6,"minecraft:furnace":2,"minecraft:red_wool":2,"minecraft:cooked_salmon":10,"minecraft:bone_meal":96,"minecraft:stone_axe":1,"minecraft:air":0,"travelersbackpack:red_sleeping_bag":1,"minecraft:glass":15,"minecraft:white_wool":6,"minecraft:diamond_pickaxe":1,"minecraft:charcoal":23,"minecraft:shield":2,"minecraft:stick":20,"minecraft:iron_pickaxe":1,"minecraft:stone_pickaxe":2,"minecraft:chest":2,"minecraft:iron_leggings":1,"minecraft:white_bed":1,"minecraft:torch":32,"weaponworks:stone_scythe":1},"minecraft:mined":{"minecraft:spruce_planks":8,"minecraft:kelp_plant":1,"minecraft:brown_carpet":1,"minecraft:crafting_table":2,"minecraft:jungle_planks":8,"minecraft:purple_terracotta":1,"minecraft:grass_block":6,"minecraft:poppy":2,"minecraft:polished_andesite_slab":1,"minecraft:spruce_leaves":6,"minecraft:spawner":7,"minecraft:seagrass":1,"minecraft:tall_seagrass":1,"minecraft:spruce_sapling":1,"minecraft:furnace":1,"minecraft:wheat":66,"minecraft:spruce_log":109,"minecraft:anvil":4,"minecraft:grass":3,"minecraft:potatoes":90,"minecraft:coal_ore":11,"minecraft:iron_bars":2,"minecraft:sand":23,"minecraft:dirt":4,"minecraft:cobweb":9,"minecraft:stone":43,"minecraft:spruce_slab":7,"minecraft:fern":6},"minecraft:dropped":{"minecraft:iron_sword":3,"weaponworks:stone_scythe":1,"minecraft:stone_axe":1,"minecraft:feather":1,"minecraft:iron_helmet":1,"minecraft:iron_horse_armor":1,"minecraft:copper_ingot":1,"minecraft:spruce_door":2,"minecraft:dirt":6,"minecraft:shield":1,"minecraft:spruce_planks":102,"minecraft:spruce_log":1,"minecraft:cooked_salmon":1,"minecraft:bone_meal":32,"minecraft:brown_carpet":1,"minecraft:spruce_sapling":12,"minecraft:bone":18},"minecraft:custom":{"minecraft:interact_with_furnace":22,"minecraft:mob_kills":39,"minecraft:interact_with_crafting_table":40,"minecraft:open_barrel":45,"minecraft:bell_ring":1,"minecraft:interact_with_campfire":5,"minecraft:leave_game":2,"minecraft:time_since_death":106834,"minecraft:climb_one_cm":10486,"minecraft:time_since_rest":106866,"minecraft:sprint_one_cm":299417,"minecraft:damage_absorbed":79,"minecraft:damage_taken":1644,"minecraft:walk_one_cm":357771,"minecraft:damage_blocked_by_shield":120,"minecraft:drop":53,"minecraft:damage_dealt":4525,"minecraft:swim_one_cm":167148,"minecraft:fly_one_cm":326562,"minecraft:play_time":127131,"minecraft:open_chest":28,"minecraft:crouch_one_cm":870,"minecraft:sneak_time":1041,"minecraft:deaths":2,"minecraft:walk_under_water_one_cm":53379,"minecraft:interact_with_brewingstand":1,"minecraft:jump":1267,"minecraft:walk_on_water_one_cm":47462,"minecraft:total_world_time":127131,"minecraft:fall_one_cm":19082},"minecraft:used":{"minecraft:wheat_seeds":39,"minecraft:spruce_door":5,"minecraft:spruce_slab":4,"minecraft:stone_pickaxe":65,"minecraft:baked_potato":3,"minecraft:chest":1,"minecraft:spruce_planks":139,"minecraft:wooden_pickaxe":3,"minecraft:shield":4,"minecraft:cooked_salmon":8,"minecraft:iron_sword":40,"minecraft:cooked_chicken":1,"minecraft:rotten_flesh":6,"minecraft:cookie":3,"minecraft:golden_apple":2,"minecraft:torch":14,"minecraft:dirt":3,"minecraft:crafting_table":4,"weaponworks:stone_scythe":67,"minecraft:white_bed":1,"minecraft:spruce_log":2,"minecraft:apple":2,"friendsandfoes:totem_of_illusion":1,"minecraft:iron_pickaxe":5,"minecraft:bread":5,"minecraft:spruce_sapling":6,"minecraft:polished_andesite_slab":1,"minecraft:stone_axe":145,"travelersbackpack:standard":2,"minecraft:furnace":2,"minecraft:potato":44,"minecraft:bone_meal":11}},"DataVersion":3465}