{"stats":{"minecraft:killed":{"minecraft:vindicator":12,"minecraft:skeleton":5,"minecraft:chicken":1,"minecraft:drowned":3,"minecraft:illusioner":1,"minecraft:salmon":14,"minecraft:pillager":8,"minecraft:zombie":8},"minecraft:killed_by":{"minecraft:vindicator":1,"minecraft:skeleton":2},"minecraft:picked_up":{"minecraft:crafting_table":2,"minecraft:wheat":66,"minecraft:anvil":4,"friendsandfoes:totem_of_illusion":1,"minecraft:string":9,"minecraft:purple_banner":2,"minecraft:sea_pickle":1,"minecraft:spruce_planks":142,"minecraft:poppy":2,"minecraft:spruce_slab":8,"minecraft:furnace":1,"minecraft:stick":15,"minecraft:copper_ingot":1,"minecraft:brown_carpet":1,"minecraft:arrow":4,"minecraft:rotten_flesh":12,"minecraft:hay_block":7,"minecraft:iron_bars":2,"minecraft:cobblestone":40,"minecraft:feather":2,"minecraft:salmon":13,"minecraft:potato":382,"weaponworks:stone_scythe":1,"minecraft:dirt":10,"minecraft:bone":27,"minecraft:bow":1,"minecraft:wheat_seeds":183,"minecraft:polished_andesite_slab":1,"minecraft:sweet_berries":2,"minecraft:sand":28,"minecraft:poisonous_potato":2,"minecraft:jungle_planks":7,"minecraft:spruce_sapling":26,"minecraft:spruce_log":93,"minecraft:spruce_door":1,"minecraft:stone_axe":1,"minecraft:iron_helmet":1,"minecraft:bone_meal":33,"minecraft:spruce_button":1,"minecraft:emerald":7,"minecraft:baked_potato":1,"minecraft:coal":11},"minecraft:broken":{"minecraft:stone_axe":1},"minecraft:crafted":{"minecraft:cooked_chicken":1,"minecraft:furnace":2,"minecraft:bone_meal":96,"minecraft:glass":15,"minecraft:stone_pickaxe":2,"minecraft:chest":2,"weaponworks:stone_scythe":1,"minecraft:red_dye":2,"minecraft:crafting_table":3,"minecraft:spruce_planks":216,"travelersbackpack:backpack_tank":2,"minecraft:wooden_pickaxe":1,"travelersbackpack:standard":1,"minecraft:baked_potato":26,"minecraft:iron_helmet":1,"minecraft:spruce_door":6,"minecraft:red_wool":2,"minecraft:cooked_salmon":10,"minecraft:stone_axe":1,"minecraft:air":0,"travelersbackpack:red_sleeping_bag":1,"minecraft:white_wool":6,"minecraft:charcoal":23,"minecraft:diamond_pickaxe":1,"minecraft:shield":2,"minecraft:stick":36,"minecraft:iron_pickaxe":1,"minecraft:iron_leggings":1,"minecraft:white_bed":1,"minecraft:torch":64},"minecraft:mined":{"minecraft:spruce_planks":8,"minecraft:purple_terracotta":1,"minecraft:grass_block":6,"minecraft:jungle_planks":8,"minecraft:polished_andesite_slab":1,"minecraft:spruce_leaves":6,"minecraft:spawner":11,"minecraft:hay_block":7,"minecraft:tall_seagrass":3,"minecraft:furnace":1,"minecraft:spruce_sapling":1,"minecraft:anvil":4,"minecraft:potatoes":90,"minecraft:iron_bars":2,"minecraft:stone":43,"minecraft:spruce_slab":7,"minecraft:kelp_plant":1,"minecraft:brown_carpet":1,"minecraft:crafting_table":2,"minecraft:poppy":2,"minecraft:seagrass":1,"minecraft:sea_pickle":1,"minecraft:wheat":66,"minecraft:sweet_berry_bush":1,"minecraft:spruce_log":109,"minecraft:grass":3,"minecraft:coal_ore":11,"minecraft:sand":30,"minecraft:dirt":4,"minecraft:cobweb":9,"minecraft:fern":6},"minecraft:dropped":{"minecraft:iron_sword":3,"minecraft:iron_helmet":1,"minecraft:feather":1,"minecraft:iron_horse_armor":1,"minecraft:copper_ingot":1,"minecraft:spruce_door":2,"minecraft:dirt":6,"minecraft:cooked_salmon":1,"minecraft:bone_meal":32,"minecraft:spruce_sapling":12,"minecraft:bone":18,"minecraft:stone_axe":1,"weaponworks:stone_scythe":1,"minecraft:shield":1,"minecraft:spruce_planks":102,"minecraft:brown_carpet":1,"minecraft:spruce_log":1,"minecraft:spruce_slab":4},"minecraft:used":{"minecraft:spruce_slab":4,"minecraft:spruce_planks":142,"minecraft:chest":1,"minecraft:shield":24,"minecraft:iron_sword":113,"minecraft:cooked_salmon":8,"minecraft:cooked_chicken":1,"minecraft:rotten_flesh":6,"minecraft:torch":15,"minecraft:dirt":3,"weaponworks:stone_scythe":67,"minecraft:purple_banner":1,"minecraft:glass":3,"friendsandfoes:totem_of_illusion":1,"minecraft:iron_helmet":1,"minecraft:furnace":3,"minecraft:potato":44,"minecraft:wheat_seeds":39,"minecraft:spruce_door":5,"minecraft:stone_pickaxe":65,"minecraft:baked_potato":13,"minecraft:wooden_pickaxe":3,"minecraft:cookie":3,"minecraft:golden_apple":4,"minecraft:crafting_table":4,"minecraft:white_bed":1,"minecraft:spruce_log":2,"minecraft:apple":2,"minecraft:bread":5,"minecraft:iron_pickaxe":12,"minecraft:spruce_sapling":6,"minecraft:polished_andesite_slab":1,"minecraft:stone_axe":145,"travelersbackpack:standard":3,"minecraft:bone_meal":11},"minecraft:custom":{"minecraft:mob_kills":60,"minecraft:interact_with_crafting_table":40,"minecraft:open_barrel":77,"minecraft:interact_with_campfire":12,"minecraft:bell_ring":1,"minecraft:leave_game":2,"minecraft:time_since_death":11437,"minecraft:climb_one_cm":11153,"minecraft:sprint_one_cm":311776,"minecraft:walk_one_cm":418993,"minecraft:damage_blocked_by_shield":820,"minecraft:drop":57,"minecraft:play_time":151131,"minecraft:deaths":3,"minecraft:sneak_time":1364,"minecraft:walk_under_water_one_cm":70999,"minecraft:jump":1375,"minecraft:interact_with_brewingstand":1,"minecraft:walk_on_water_one_cm":53554,"minecraft:total_world_time":151131,"minecraft:interact_with_furnace":25,"minecraft:time_since_rest":11483,"minecraft:damage_taken":2589,"minecraft:damage_absorbed":119,"minecraft:damage_dealt":9520,"minecraft:swim_one_cm":215223,"minecraft:fly_one_cm":361660,"minecraft:open_chest":65,"minecraft:crouch_one_cm":899,"minecraft:fall_one_cm":21586,"minecraft:inspect_dispenser":3}},"DataVersion":3465}