{"stats":{"minecraft:killed_by":{"minecraft:spider":1},"minecraft:dropped":{"minecraft:spruce_sign":1,"minecraft:blue_terracotta":3,"minecraft:coarse_dirt":2,"minecraft:rotten_flesh":2,"simplehats:grandmadisguise":1,"minecraft:flower_pot":1,"minecraft:sea_pickle":2,"minecraft:allium":1,"minecraft:orange_terracotta":4,"minecraft:cooked_salmon":2,"minecraft:chest":1,"minecraft:sand":1,"minecraft:smooth_sandstone":2,"minecraft:dandelion":1},"minecraft:crafted":{"minecraft:crafting_table":2,"minecraft:wooden_pickaxe":1,"minecraft:cooked_salmon":2,"minecraft:bread":24,"minecraft:jungle_planks":12,"minecraft:shield":1,"minecraft:stick":20,"minecraft:iron_pickaxe":1,"minecraft:torch":36,"minecraft:wheat":72},"minecraft:custom":{"lootr:looted_stat":27,"minecraft:interact_with_furnace":4,"minecraft:mob_kills":14,"minecraft:interact_with_cartography_table":1,"minecraft:interact_with_crafting_table":11,"minecraft:open_barrel":4,"minecraft:interact_with_stonecutter":1,"minecraft:leave_game":5,"minecraft:time_since_death":36258,"minecraft:sleep_in_bed":3,"minecraft:climb_one_cm":1356,"minecraft:hex":0,"minecraft:time_since_rest":18003,"minecraft:damage_absorbed":7,"minecraft:sprint_one_cm":193650,"minecraft:damage_taken":656,"minecraft:walk_one_cm":189842,"minecraft:drop":16,"minecraft:damage_dealt":2094,"minecraft:swim_one_cm":40033,"minecraft:talked_to_villager":1,"minecraft:fly_one_cm":148724,"minecraft:crouch_one_cm":300,"minecraft:play_time":56890,"minecraft:deaths":1,"minecraft:sneak_time":59,"minecraft:walk_under_water_one_cm":5149,"minecraft:jump":725,"minecraft:walk_on_water_one_cm":12782,"minecraft:total_world_time":56890,"minecraft:fall_one_cm":11383},"minecraft:mined":{"minecraft:orange_terracotta":4,"minecraft:dandelion":1,"minecraft:smooth_sandstone":2,"minecraft:crafting_table":1,"minecraft:grass_block":6,"minecraft:jungle_log":3,"minecraft:tall_grass":3,"minecraft:cobblestone":1,"expandeddelight:wild_chili_pepper":11,"farmersdelight:wild_tomatoes":12,"minecraft:sandstone":28,"minecraft:hay_block":7,"minecraft:coarse_dirt":1,"minecraft:blue_terracotta":3,"minecraft:grass":50,"minecraft:coal_ore":10,"minecraft:vine":3,"minecraft:sand":1,"minecraft:dirt":10,"minecraft:stone":13,"minecraft:oak_leaves":3,"minecraft:fern":5},"minecraft:killed":{"minecraft:spider":3,"minecraft:sheep":2,"minecraft:zombie":6,"friendsandfoes:mauler":1,"minecraft:cow":1},"minecraft:picked_up":{"minecraft:crafting_table":1,"minecraft:charcoal":2,"minecraft:cocoa_beans":3,"minecraft:allium":1,"minecraft:coarse_dirt":2,"minecraft:flower_pot":1,"minecraft:jungle_log":3,"minecraft:leather":2,"minecraft:potato":1,"minecraft:gunpowder":4,"minecraft:string":2,"minecraft:dirt":16,"minecraft:lantern":1,"minecraft:cooked_salmon":2,"minecraft:orange_terracotta":4,"minecraft:smooth_sandstone":2,"minecraft:iron_shovel":1,"minecraft:sea_pickle":2,"minecraft:wheat_seeds":6,"minecraft:beef":2,"minecraft:chest":1,"minecraft:sandstone":26,"simplehats:grandmadisguise":1,"minecraft:dandelion":1,"minecraft:sand":1,"farmersdelight:tomato_seeds":11,"minecraft:barrel":1,"minecraft:orange_bed":1,"minecraft:blue_terracotta":3,"minecraft:rotten_flesh":9,"botania:orange_mystical_flower":2,"minecraft:hay_block":8,"expandeddelight:chili_pepper":9,"minecraft:spruce_sign":1,"minecraft:oak_button":1,"minecraft:cobblestone":23,"minecraft:coal":9,"minecraft:white_wool":1},"minecraft:used":{"minecraft:iron_shovel":1,"minecraft:wooden_pickaxe":25,"minecraft:sandstone":4,"minecraft:iron_sword":50,"minecraft:crafting_table":2,"minecraft:obsidian":2,"minecraft:bread":16,"minecraft:iron_pickaxe":36,"minecraft:leather_helmet":1,"minecraft:barrel":1,"minecraft:oak_sapling":1,"minecraft:cooked_beef":1,"minecraft:golden_axe":2}},"DataVersion":3465}