{"stats":{"minecraft:killed_by":{"minecraft:skeleton":2},"minecraft:picked_up":{"minecraft:feather":2,"minecraft:salmon":10,"friendsandfoes:totem_of_illusion":1,"weaponworks:stone_scythe":1,"minecraft:string":9,"minecraft:dirt":8,"minecraft:bone":27,"minecraft:bow":1,"minecraft:wheat_seeds":1,"minecraft:spruce_planks":32,"minecraft:spruce_slab":4,"minecraft:polished_andesite_slab":1,"minecraft:stick":6,"minecraft:copper_ingot":1,"minecraft:sand":23,"minecraft:spruce_sapling":15,"minecraft:spruce_log":64,"minecraft:brown_carpet":1,"minecraft:arrow":4,"minecraft:bone_meal":1,"minecraft:emerald":1,"minecraft:spruce_button":1,"minecraft:coal":11,"minecraft:iron_bars":2,"minecraft:cobblestone":40},"minecraft:used":{"minecraft:spruce_door":3,"minecraft:spruce_slab":4,"minecraft:stone_pickaxe":64,"minecraft:wooden_pickaxe":3,"minecraft:spruce_planks":84,"minecraft:shield":4,"minecraft:iron_sword":30,"minecraft:cooked_salmon":8,"minecraft:cooked_chicken":1,"minecraft:rotten_flesh":3,"minecraft:cookie":3,"minecraft:torch":4,"minecraft:golden_apple":1,"minecraft:dirt":3,"minecraft:crafting_table":2,"weaponworks:stone_scythe":38,"minecraft:spruce_log":2,"minecraft:apple":2,"friendsandfoes:totem_of_illusion":1,"minecraft:bread":2,"minecraft:polished_andesite_slab":1,"minecraft:stone_axe":80},"minecraft:dropped":{"minecraft:iron_sword":3,"weaponworks:stone_scythe":1,"minecraft:feather":1,"minecraft:iron_horse_armor":1,"minecraft:copper_ingot":1,"minecraft:dirt":4,"minecraft:shield":1,"minecraft:spruce_planks":31,"minecraft:cooked_salmon":1,"minecraft:brown_carpet":1,"minecraft:bone":18},"minecraft:crafted":{"minecraft:crafting_table":2,"minecraft:spruce_planks":128,"minecraft:wooden_pickaxe":1,"minecraft:iron_helmet":1,"minecraft:cooked_chicken":1,"minecraft:spruce_door":3,"minecraft:cooked_salmon":10,"minecraft:stone_axe":1,"minecraft:air":0,"minecraft:shield":2,"minecraft:stick":20,"minecraft:stone_pickaxe":2,"minecraft:iron_leggings":1,"minecraft:torch":32,"weaponworks:stone_scythe":1},"minecraft:custom":{"minecraft:interact_with_furnace":12,"minecraft:mob_kills":23,"minecraft:interact_with_crafting_table":15,"minecraft:open_barrel":37,"minecraft:leave_game":1,"minecraft:time_since_death":47472,"minecraft:climb_one_cm":4782,"minecraft:time_since_rest":47504,"minecraft:sprint_one_cm":199406,"minecraft:damage_absorbed":40,"minecraft:damage_taken":1355,"minecraft:walk_one_cm":204995,"minecraft:damage_blocked_by_shield":120,"minecraft:drop":30,"minecraft:damage_dealt":2422,"minecraft:swim_one_cm":112221,"minecraft:fly_one_cm":263564,"minecraft:open_chest":16,"minecraft:crouch_one_cm":243,"minecraft:play_time":67769,"minecraft:deaths":2,"minecraft:sneak_time":556,"minecraft:walk_under_water_one_cm":34567,"minecraft:jump":987,"minecraft:interact_with_brewingstand":1,"minecraft:walk_on_water_one_cm":28563,"minecraft:total_world_time":67769,"minecraft:fall_one_cm":16259},"minecraft:killed":{"minecraft:salmon":11,"minecraft:skeleton":5,"minecraft:drowned":3,"minecraft:illusioner":1},"minecraft:mined":{"minecraft:kelp_plant":1,"minecraft:brown_carpet":1,"minecraft:grass_block":4,"minecraft:polished_andesite_slab":1,"minecraft:spruce_leaves":6,"minecraft:spawner":7,"minecraft:spruce_log":70,"minecraft:grass":2,"minecraft:coal_ore":11,"minecraft:iron_bars":2,"minecraft:sand":23,"minecraft:dirt":4,"minecraft:cobweb":9,"minecraft:stone":43,"minecraft:spruce_slab":4,"minecraft:fern":6}},"DataVersion":3465}