{"stats":{"minecraft:mined":{"minecraft:kelp_plant":1,"minecraft:brown_carpet":1,"minecraft:grass_block":4,"minecraft:spruce_leaves":6,"minecraft:spawner":2,"minecraft:spruce_log":62,"minecraft:grass":2,"minecraft:coal_ore":11,"minecraft:iron_bars":2,"minecraft:cobweb":9,"minecraft:stone":43,"minecraft:spruce_slab":4,"minecraft:fern":6},"minecraft:used":{"minecraft:spruce_door":3,"minecraft:stone_pickaxe":56,"minecraft:wooden_pickaxe":3,"minecraft:spruce_planks":67,"minecraft:shield":4,"minecraft:iron_sword":30,"minecraft:cooked_salmon":4,"minecraft:cooked_chicken":1,"minecraft:cookie":2,"minecraft:torch":4,"minecraft:dirt":3,"minecraft:crafting_table":1,"weaponworks:stone_scythe":23,"minecraft:spruce_log":2,"minecraft:apple":2,"minecraft:bread":2,"minecraft:stone_axe":71},"minecraft:picked_up":{"minecraft:feather":1,"minecraft:salmon":10,"friendsandfoes:totem_of_illusion":1,"weaponworks:stone_scythe":1,"minecraft:string":9,"minecraft:dirt":4,"minecraft:bone":27,"minecraft:bow":1,"minecraft:wheat_seeds":1,"minecraft:spruce_planks":1,"minecraft:spruce_slab":4,"minecraft:stick":6,"minecraft:spruce_sapling":11,"minecraft:spruce_log":64,"minecraft:brown_carpet":1,"minecraft:arrow":4,"minecraft:bone_meal":1,"minecraft:spruce_button":1,"minecraft:emerald":1,"minecraft:iron_bars":2,"minecraft:coal":11,"minecraft:cobblestone":40},"minecraft:killed_by":{"minecraft:skeleton":2},"minecraft:killed":{"minecraft:salmon":11,"minecraft:skeleton":5,"minecraft:illusioner":1},"minecraft:crafted":{"minecraft:crafting_table":1,"minecraft:spruce_planks":128,"minecraft:wooden_pickaxe":1,"minecraft:cooked_chicken":1,"minecraft:iron_helmet":1,"minecraft:spruce_door":3,"minecraft:cooked_salmon":10,"minecraft:stone_axe":1,"minecraft:air":0,"minecraft:shield":2,"minecraft:stick":20,"minecraft:stone_pickaxe":2,"minecraft:iron_leggings":1,"minecraft:torch":32,"weaponworks:stone_scythe":1},"minecraft:custom":{"minecraft:interact_with_furnace":12,"minecraft:mob_kills":19,"minecraft:interact_with_crafting_table":13,"minecraft:open_barrel":20,"minecraft:leave_game":1,"minecraft:time_since_death":25300,"minecraft:climb_one_cm":1738,"minecraft:time_since_rest":25332,"minecraft:sprint_one_cm":148238,"minecraft:damage_taken":985,"minecraft:walk_one_cm":162675,"minecraft:damage_blocked_by_shield":120,"minecraft:drop":24,"minecraft:damage_dealt":1492,"minecraft:swim_one_cm":55688,"minecraft:fly_one_cm":140737,"minecraft:open_chest":13,"minecraft:crouch_one_cm":20,"minecraft:play_time":45597,"minecraft:deaths":2,"minecraft:sneak_time":164,"minecraft:walk_under_water_one_cm":15679,"minecraft:interact_with_brewingstand":1,"minecraft:jump":644,"minecraft:walk_on_water_one_cm":16012,"minecraft:total_world_time":45597,"minecraft:fall_one_cm":12505},"minecraft:dropped":{"minecraft:iron_sword":3,"weaponworks:stone_scythe":1,"minecraft:shield":1,"minecraft:cooked_salmon":1,"minecraft:bone":18}},"DataVersion":3465}