{"stats":{"minecraft:killed_by":{"minecraft:spider":1},"minecraft:dropped":{"minecraft:spruce_sign":1,"minecraft:coarse_dirt":2,"minecraft:flower_pot":1,"minecraft:sea_pickle":2,"minecraft:allium":1,"minecraft:cooked_salmon":2,"minecraft:chest":1,"minecraft:dandelion":1},"minecraft:crafted":{"minecraft:crafting_table":1,"minecraft:wooden_pickaxe":1,"minecraft:cooked_salmon":2,"minecraft:bread":24,"minecraft:jungle_planks":12,"minecraft:stick":4,"minecraft:iron_pickaxe":1,"minecraft:wheat":72},"minecraft:custom":{"lootr:looted_stat":25,"minecraft:interact_with_furnace":3,"minecraft:mob_kills":12,"minecraft:interact_with_crafting_table":9,"minecraft:open_barrel":4,"minecraft:interact_with_stonecutter":1,"minecraft:leave_game":5,"minecraft:time_since_death":24258,"minecraft:sleep_in_bed":3,"minecraft:climb_one_cm":796,"minecraft:hex":0,"minecraft:time_since_rest":6003,"minecraft:sprint_one_cm":131155,"minecraft:damage_taken":529,"minecraft:walk_one_cm":152810,"minecraft:drop":9,"minecraft:damage_dealt":1874,"minecraft:swim_one_cm":16568,"minecraft:talked_to_villager":1,"minecraft:fly_one_cm":115102,"minecraft:crouch_one_cm":300,"minecraft:play_time":44890,"minecraft:deaths":1,"minecraft:sneak_time":51,"minecraft:walk_under_water_one_cm":4242,"minecraft:jump":540,"minecraft:walk_on_water_one_cm":5435,"minecraft:total_world_time":44890,"minecraft:fall_one_cm":8964},"minecraft:mined":{"minecraft:dandelion":1,"minecraft:grass_block":6,"minecraft:jungle_log":3,"minecraft:tall_grass":3,"minecraft:cobblestone":1,"minecraft:hay_block":7,"minecraft:coarse_dirt":1,"minecraft:grass":44,"minecraft:coal_ore":10,"minecraft:vine":3,"minecraft:dirt":10,"minecraft:stone":13,"minecraft:oak_leaves":1,"minecraft:fern":2},"minecraft:killed":{"minecraft:spider":3,"minecraft:sheep":2,"minecraft:zombie":5,"minecraft:cow":1},"minecraft:picked_up":{"minecraft:charcoal":2,"minecraft:cocoa_beans":3,"minecraft:allium":1,"minecraft:coarse_dirt":2,"minecraft:flower_pot":1,"minecraft:jungle_log":3,"minecraft:leather":2,"minecraft:potato":1,"minecraft:gunpowder":4,"minecraft:string":2,"minecraft:dirt":16,"minecraft:lantern":1,"minecraft:cooked_salmon":2,"minecraft:iron_shovel":1,"minecraft:sea_pickle":2,"minecraft:wheat_seeds":6,"minecraft:beef":2,"minecraft:chest":1,"minecraft:dandelion":1,"minecraft:barrel":1,"minecraft:orange_bed":1,"minecraft:rotten_flesh":7,"botania:orange_mystical_flower":2,"minecraft:hay_block":8,"minecraft:spruce_sign":1,"minecraft:oak_button":1,"minecraft:cobblestone":23,"minecraft:coal":9,"minecraft:white_wool":1},"minecraft:used":{"minecraft:wooden_pickaxe":25,"minecraft:iron_sword":46,"minecraft:crafting_table":1,"minecraft:obsidian":2,"minecraft:bread":12,"minecraft:leather_helmet":1,"minecraft:barrel":1,"minecraft:oak_sapling":1}},"DataVersion":3465}