{"stats":{"minecraft:picked_up":{"minecraft:crafting_table":3,"minecraft:feather":3,"minecraft:ladder":1,"minecraft:salmon":6,"minecraft:string":1,"minecraft:dirt":68,"minecraft:bone":2,"minecraft:kelp":7,"minecraft:wheat_seeds":2,"minecraft:spruce_planks":50,"minecraft:chest":1,"minecraft:iron_sword":2,"minecraft:spruce_trapdoor":9,"minecraft:egg":9,"minecraft:stick":25,"minecraft:raw_iron":3,"minecraft:sweet_berries":7,"minecraft:sand":5,"minecraft:spruce_sapling":65,"minecraft:spruce_log":181,"minecraft:spider_eye":1,"minecraft:spruce_door":2,"minecraft:rotten_flesh":3,"minecraft:cobblestone":224},"minecraft:dropped":{"minecraft:spruce_sapling":1},"minecraft:used":{"minecraft:stone_sword":48,"minecraft:spruce_slab":10,"minecraft:stone_shovel":1,"minecraft:stone_pickaxe":208,"minecraft:ladder":3,"minecraft:oak_sign":1,"minecraft:spruce_planks":21,"minecraft:chest":5,"minecraft:wooden_pickaxe":20,"minecraft:cooked_salmon":3,"minecraft:rotten_flesh":3,"minecraft:dirt":17,"minecraft:crafting_table":3,"minecraft:campfire":1,"minecraft:wooden_axe":74,"minecraft:spruce_trapdoor":9,"minecraft:spruce_sapling":25,"minecraft:stone_axe":161,"minecraft:sweet_berries":3,"minecraft:cooked_cod":3,"minecraft:egg":8},"minecraft:crafted":{"minecraft:wooden_shovel":1,"minecraft:stone_shovel":1,"minecraft:spruce_planks":468,"minecraft:wooden_pickaxe":1,"minecraft:cooked_salmon":6,"minecraft:campfire":1,"minecraft:stone_axe":3,"minecraft:spruce_trapdoor":4,"minecraft:charcoal":31,"minecraft:ladder":6,"minecraft:stick":172,"minecraft:spruce_slab":12,"minecraft:stone_pickaxe":3,"minecraft:wooden_axe":2,"minecraft:stone_sword":1,"minecraft:chest":4,"minecraft:torch":36},"minecraft:custom":{"minecraft:interact_with_furnace":23,"minecraft:mob_kills":11,"minecraft:animals_bred":4,"minecraft:interact_with_crafting_table":22,"minecraft:leave_game":1,"minecraft:time_since_death":98566,"minecraft:climb_one_cm":1510,"minecraft:time_since_rest":98566,"minecraft:sprint_one_cm":51423,"minecraft:damage_taken":450,"minecraft:walk_one_cm":315932,"minecraft:drop":1,"minecraft:damage_dealt":850,"minecraft:swim_one_cm":25316,"minecraft:fly_one_cm":11291,"minecraft:open_chest":58,"minecraft:play_time":98566,"minecraft:walk_under_water_one_cm":26065,"minecraft:jump":393,"minecraft:walk_on_water_one_cm":16680,"minecraft:total_world_time":98566,"minecraft:fall_one_cm":5043},"minecraft:broken":{"minecraft:stone_pickaxe":1,"minecraft:stone_axe":1,"minecraft:wooden_axe":1},"minecraft:killed":{"minecraft:salmon":7,"minecraft:spider":1,"minecraft:zombie":1,"minecraft:drowned":1},"minecraft:mined":{"minecraft:spruce_planks":21,"minecraft:kelp_plant":2,"minecraft:spruce_door":1,"minecraft:crafting_table":3,"minecraft:spruce_trapdoor":7,"minecraft:ladder":1,"minecraft:grass_block":36,"minecraft:chest":1,"minecraft:spruce_leaves":27,"minecraft:kelp":1,"minecraft:large_fern":28,"minecraft:seagrass":1,"minecraft:spruce_sapling":2,"minecraft:iron_ore":3,"minecraft:sweet_berry_bush":8,"minecraft:spruce_log":189,"minecraft:grass":2,"minecraft:sand":6,"minecraft:dirt":31,"minecraft:stone":224,"minecraft:fern":9}},"DataVersion":3465}