{"stats":{"minecraft:killed":{"minecraft:salmon":7,"minecraft:rabbit":1,"minecraft:spider":1,"minecraft:creeper":1,"minecraft:skeleton":1,"minecraft:zombie":2,"minecraft:chicken":7,"minecraft:drowned":1,"minecraft:enderman":1},"minecraft:killed_by":{"minecraft:creeper":1},"minecraft:picked_up":{"minecraft:crafting_table":3,"minecraft:wheat":6,"minecraft:feather":13,"minecraft:cooked_beef":1,"minecraft:chicken":8,"minecraft:ladder":4,"minecraft:salmon":6,"minecraft:shield":1,"minecraft:gunpowder":2,"minecraft:dirt":123,"minecraft:string":1,"minecraft:cooked_salmon":1,"minecraft:cooked_mutton":2,"minecraft:bone":4,"minecraft:kelp":7,"minecraft:wheat_seeds":23,"minecraft:spruce_planks":51,"minecraft:cooked_chicken":7,"minecraft:spruce_slab":4,"minecraft:rabbit":1,"minecraft:chest":1,"minecraft:iron_sword":2,"minecraft:spruce_trapdoor":9,"minecraft:egg":65,"minecraft:stick":51,"minecraft:raw_iron":3,"minecraft:sweet_berries":7,"minecraft:sand":5,"minecraft:spruce_sapling":123,"minecraft:spruce_log":344,"minecraft:spider_eye":1,"minecraft:spruce_door":2,"minecraft:rabbit_foot":1,"minecraft:light_gray_bed":2,"minecraft:arrow":6,"minecraft:rotten_flesh":5,"minecraft:baked_potato":66,"minecraft:coal":20,"minecraft:cobblestone":240},"minecraft:broken":{"minecraft:stone_pickaxe":1,"minecraft:stone_axe":2,"minecraft:wooden_axe":1},"minecraft:crafted":{"minecraft:wooden_shovel":1,"minecraft:stone_shovel":2,"minecraft:spruce_planks":468,"minecraft:cooked_chicken":1,"minecraft:baked_potato":149,"minecraft:wooden_pickaxe":1,"minecraft:cooked_salmon":6,"minecraft:stone":3,"minecraft:campfire":1,"minecraft:stone_axe":4,"minecraft:bread":24,"minecraft:air":0,"minecraft:glass":16,"minecraft:spruce_trapdoor":4,"minecraft:charcoal":144,"minecraft:ladder":6,"minecraft:spruce_slab":12,"minecraft:stick":204,"minecraft:iron_ingot":4,"minecraft:stone_pickaxe":3,"minecraft:wooden_axe":2,"minecraft:stone_sword":1,"minecraft:chest":4,"minecraft:gold_ingot":9,"minecraft:torch":96,"minecraft:stone_hoe":1,"minecraft:cooked_rabbit":1},"minecraft:mined":{"minecraft:spruce_planks":22,"minecraft:kelp_plant":2,"minecraft:spruce_door":1,"minecraft:crafting_table":3,"minecraft:spruce_trapdoor":7,"minecraft:ladder":3,"minecraft:grass_block":56,"minecraft:chest":1,"minecraft:spruce_leaves":29,"minecraft:frosted_ice":1,"minecraft:kelp":1,"minecraft:large_fern":35,"minecraft:seagrass":1,"minecraft:spruce_sapling":2,"minecraft:wheat":6,"minecraft:iron_ore":3,"minecraft:sweet_berry_bush":8,"minecraft:spruce_log":350,"minecraft:grass":18,"minecraft:coal_ore":20,"minecraft:sand":6,"minecraft:dirt":41,"minecraft:stone":240,"minecraft:fern":48},"minecraft:dropped":{"minecraft:stone":3,"minecraft:light_gray_bed":1,"minecraft:glass":13,"minecraft:spruce_sapling":1},"minecraft:custom":{"minecraft:interact_with_furnace":96,"minecraft:mob_kills":23,"minecraft:animals_bred":10,"minecraft:interact_with_crafting_table":29,"minecraft:interact_with_campfire":91,"minecraft:leave_game":1,"minecraft:time_since_death":80649,"minecraft:sleep_in_bed":2,"minecraft:climb_one_cm":9885,"minecraft:time_since_rest":4867,"minecraft:sprint_one_cm":68557,"minecraft:damage_taken":862,"minecraft:walk_one_cm":656829,"minecraft:drop":4,"minecraft:damage_dealt":2264,"minecraft:swim_one_cm":26098,"minecraft:fly_one_cm":44061,"minecraft:open_chest":127,"minecraft:crouch_one_cm":148,"minecraft:play_time":198009,"minecraft:deaths":1,"minecraft:sneak_time":161,"minecraft:walk_under_water_one_cm":37617,"minecraft:jump":779,"minecraft:interact_with_blast_furnace":4,"minecraft:walk_on_water_one_cm":38543,"minecraft:total_world_time":198009,"minecraft:fall_one_cm":7613},"minecraft:used":{"minecraft:wheat_seeds":20,"minecraft:water_bucket":55,"minecraft:stone_sword":115,"minecraft:spruce_slab":11,"minecraft:stone_shovel":26,"minecraft:stone_pickaxe":244,"minecraft:ladder":9,"minecraft:oak_sign":1,"minecraft:chest":5,"minecraft:spruce_planks":21,"minecraft:wooden_pickaxe":20,"minecraft:cooked_salmon":3,"minecraft:rotten_flesh":9,"minecraft:torch":1,"minecraft:dirt":96,"minecraft:crafting_table":3,"minecraft:campfire":1,"minecraft:glass":3,"minecraft:wooden_axe":74,"minecraft:wooden_hoe":14,"minecraft:grass_block":12,"minecraft:spruce_trapdoor":14,"minecraft:spruce_sapling":60,"minecraft:stone_axe":347,"minecraft:sweet_berries":3,"minecraft:cooked_cod":3,"minecraft:bucket":4,"minecraft:egg":61,"minecraft:light_gray_bed":1}},"DataVersion":3465}