{"stats":{"minecraft:picked_up":{"minecraft:salmon":2,"minecraft:stick":14,"minecraft:crafting_table":3,"minecraft:feather":3,"minecraft:ladder":1,"minecraft:sweet_berries":3,"minecraft:sand":5,"minecraft:spruce_sapling":28,"minecraft:spruce_log":81,"minecraft:spruce_door":2,"minecraft:dirt":55,"minecraft:bone":2,"minecraft:rotten_flesh":2,"minecraft:kelp":1,"minecraft:wheat_seeds":2,"minecraft:spruce_planks":45,"minecraft:chest":1,"minecraft:iron_sword":2,"minecraft:spruce_trapdoor":9,"minecraft:cobblestone":20,"minecraft:egg":7},"minecraft:dropped":{"minecraft:spruce_sapling":1},"minecraft:used":{"minecraft:wooden_axe":74,"minecraft:stone_sword":24,"minecraft:stone_shovel":1,"minecraft:spruce_slab":10,"minecraft:stone_pickaxe":1,"minecraft:ladder":3,"minecraft:chest":5,"minecraft:spruce_planks":20,"minecraft:wooden_pickaxe":20,"minecraft:spruce_trapdoor":9,"minecraft:rotten_flesh":2,"minecraft:spruce_sapling":11,"minecraft:stone_axe":29,"minecraft:dirt":12,"minecraft:sweet_berries":3,"minecraft:crafting_table":3,"minecraft:cooked_cod":3,"minecraft:egg":2},"minecraft:crafted":{"minecraft:spruce_trapdoor":4,"minecraft:wooden_shovel":1,"minecraft:stone_shovel":1,"minecraft:ladder":6,"minecraft:spruce_slab":12,"minecraft:spruce_planks":324,"minecraft:stick":64,"minecraft:wooden_pickaxe":1,"minecraft:stone_pickaxe":1,"minecraft:wooden_axe":2,"minecraft:stone_sword":1,"minecraft:chest":4,"minecraft:stone_axe":1},"minecraft:custom":{"minecraft:time_since_rest":62566,"minecraft:interact_with_furnace":9,"minecraft:sprint_one_cm":29500,"minecraft:damage_taken":285,"minecraft:walk_one_cm":194080,"minecraft:mob_kills":5,"minecraft:drop":1,"minecraft:damage_dealt":427,"minecraft:swim_one_cm":8896,"minecraft:interact_with_crafting_table":12,"minecraft:fly_one_cm":4092,"minecraft:open_chest":32,"minecraft:play_time":62566,"minecraft:walk_under_water_one_cm":9915,"minecraft:jump":221,"minecraft:walk_on_water_one_cm":4009,"minecraft:leave_game":1,"minecraft:time_since_death":62566,"minecraft:climb_one_cm":643,"minecraft:total_world_time":62566,"minecraft:fall_one_cm":2879},"minecraft:broken":{"minecraft:wooden_axe":1},"minecraft:killed":{"minecraft:zombie":1,"minecraft:salmon":3},"minecraft:mined":{"minecraft:large_fern":28,"minecraft:seagrass":1,"minecraft:spruce_planks":16,"minecraft:spruce_sapling":2,"minecraft:kelp_plant":1,"minecraft:sweet_berry_bush":6,"minecraft:spruce_log":81,"minecraft:spruce_door":1,"minecraft:spruce_trapdoor":7,"minecraft:crafting_table":3,"minecraft:ladder":1,"minecraft:grass":2,"minecraft:grass_block":30,"minecraft:chest":1,"minecraft:sand":6,"minecraft:dirt":26,"minecraft:spruce_leaves":17,"minecraft:stone":20,"minecraft:fern":9}},"DataVersion":3465}