{"stats":{"minecraft:picked_up":{"minecraft:stick":12,"minecraft:crafting_table":3,"minecraft:feather":3,"minecraft:sweet_berries":3,"minecraft:sand":5,"minecraft:spruce_sapling":23,"minecraft:spruce_log":73,"minecraft:spruce_door":2,"minecraft:dirt":43,"minecraft:bone":2,"minecraft:wheat_seeds":2,"minecraft:spruce_planks":44,"minecraft:chest":1,"minecraft:iron_sword":2,"minecraft:spruce_trapdoor":8,"minecraft:cobblestone":20,"minecraft:egg":4},"minecraft:dropped":{"minecraft:spruce_sapling":1},"minecraft:used":{"minecraft:wooden_axe":74,"minecraft:stone_sword":6,"minecraft:stone_pickaxe":1,"minecraft:chest":3,"minecraft:spruce_planks":18,"minecraft:wooden_pickaxe":20,"minecraft:spruce_trapdoor":8,"minecraft:spruce_sapling":11,"minecraft:stone_axe":18,"minecraft:dirt":4,"minecraft:crafting_table":3,"minecraft:cooked_cod":2,"minecraft:egg":2},"minecraft:crafted":{"minecraft:spruce_trapdoor":4,"minecraft:wooden_shovel":1,"minecraft:stone_shovel":1,"minecraft:spruce_planks":292,"minecraft:stick":48,"minecraft:wooden_pickaxe":1,"minecraft:stone_pickaxe":1,"minecraft:wooden_axe":2,"minecraft:stone_sword":1,"minecraft:chest":2,"minecraft:stone_axe":1},"minecraft:custom":{"minecraft:time_since_rest":50566,"minecraft:interact_with_furnace":8,"minecraft:sprint_one_cm":18416,"minecraft:damage_taken":215,"minecraft:walk_one_cm":165407,"minecraft:mob_kills":1,"minecraft:drop":1,"minecraft:damage_dealt":79,"minecraft:interact_with_crafting_table":7,"minecraft:fly_one_cm":2077,"minecraft:open_chest":16,"minecraft:play_time":50566,"minecraft:jump":164,"minecraft:leave_game":1,"minecraft:time_since_death":50566,"minecraft:total_world_time":50566,"minecraft:fall_one_cm":2341},"minecraft:broken":{"minecraft:wooden_axe":1},"minecraft:mined":{"minecraft:large_fern":28,"minecraft:spruce_planks":15,"minecraft:spruce_sapling":2,"minecraft:sweet_berry_bush":3,"minecraft:spruce_log":73,"minecraft:spruce_door":1,"minecraft:spruce_trapdoor":6,"minecraft:crafting_table":3,"minecraft:grass":2,"minecraft:grass_block":27,"minecraft:chest":1,"minecraft:sand":6,"minecraft:dirt":16,"minecraft:spruce_leaves":17,"minecraft:stone":20,"minecraft:fern":9}},"DataVersion":3465}