{"stats":{"minecraft:picked_up":{"minecraft:crafting_table":3,"minecraft:feather":3,"minecraft:ladder":1,"minecraft:salmon":6,"minecraft:dirt":67,"minecraft:bone":2,"minecraft:kelp":7,"minecraft:wheat_seeds":2,"minecraft:spruce_planks":50,"minecraft:chest":1,"minecraft:iron_sword":2,"minecraft:spruce_trapdoor":9,"minecraft:egg":8,"minecraft:stick":23,"minecraft:raw_iron":3,"minecraft:sweet_berries":7,"minecraft:sand":5,"minecraft:spruce_sapling":51,"minecraft:spruce_log":151,"minecraft:spruce_door":2,"minecraft:rotten_flesh":3,"minecraft:cobblestone":224},"minecraft:dropped":{"minecraft:spruce_sapling":1},"minecraft:used":{"minecraft:stone_sword":42,"minecraft:spruce_slab":10,"minecraft:stone_shovel":1,"minecraft:stone_pickaxe":208,"minecraft:ladder":3,"minecraft:spruce_planks":20,"minecraft:chest":5,"minecraft:wooden_pickaxe":20,"minecraft:cooked_salmon":2,"minecraft:rotten_flesh":3,"minecraft:dirt":15,"minecraft:crafting_table":3,"minecraft:wooden_axe":74,"minecraft:spruce_trapdoor":9,"minecraft:spruce_sapling":11,"minecraft:stone_axe":128,"minecraft:sweet_berries":3,"minecraft:cooked_cod":3,"minecraft:egg":8},"minecraft:crafted":{"minecraft:wooden_shovel":1,"minecraft:stone_shovel":1,"minecraft:spruce_planks":468,"minecraft:wooden_pickaxe":1,"minecraft:cooked_salmon":6,"minecraft:stone_axe":3,"minecraft:spruce_trapdoor":4,"minecraft:ladder":6,"minecraft:stick":76,"minecraft:spruce_slab":12,"minecraft:stone_pickaxe":3,"minecraft:wooden_axe":2,"minecraft:stone_sword":1,"minecraft:chest":4},"minecraft:custom":{"minecraft:interact_with_furnace":15,"minecraft:mob_kills":10,"minecraft:animals_bred":1,"minecraft:interact_with_crafting_table":16,"minecraft:leave_game":1,"minecraft:time_since_death":86566,"minecraft:climb_one_cm":1091,"minecraft:time_since_rest":86566,"minecraft:sprint_one_cm":43637,"minecraft:damage_taken":450,"minecraft:walk_one_cm":281276,"minecraft:drop":1,"minecraft:damage_dealt":700,"minecraft:swim_one_cm":25316,"minecraft:fly_one_cm":7222,"minecraft:open_chest":45,"minecraft:play_time":86566,"minecraft:walk_under_water_one_cm":26065,"minecraft:jump":361,"minecraft:walk_on_water_one_cm":16680,"minecraft:total_world_time":86566,"minecraft:fall_one_cm":5043},"minecraft:broken":{"minecraft:stone_pickaxe":1,"minecraft:wooden_axe":1},"minecraft:killed":{"minecraft:salmon":7,"minecraft:zombie":1,"minecraft:drowned":1},"minecraft:mined":{"minecraft:spruce_planks":21,"minecraft:kelp_plant":2,"minecraft:spruce_door":1,"minecraft:crafting_table":3,"minecraft:spruce_trapdoor":7,"minecraft:ladder":1,"minecraft:grass_block":36,"minecraft:chest":1,"minecraft:spruce_leaves":27,"minecraft:kelp":1,"minecraft:large_fern":28,"minecraft:seagrass":1,"minecraft:spruce_sapling":2,"minecraft:iron_ore":3,"minecraft:sweet_berry_bush":8,"minecraft:spruce_log":159,"minecraft:grass":2,"minecraft:sand":6,"minecraft:dirt":30,"minecraft:stone":224,"minecraft:fern":9}},"DataVersion":3465}