{"stats":{"minecraft:dropped":{"minecraft:cooked_beef":2},"minecraft:crafted":{"minecraft:wooden_sword":1,"minecraft:crafting_table":1,"minecraft:stick":16,"minecraft:wooden_pickaxe":1,"minecraft:wooden_axe":1,"minecraft:chest":1,"minecraft:jungle_planks":92},"minecraft:custom":{"minecraft:time_since_rest":11641,"minecraft:interact_with_furnace":1,"lootr:looted_stat":3,"minecraft:sprint_one_cm":3332,"minecraft:damage_taken":40,"minecraft:walk_one_cm":16781,"minecraft:drop":1,"minecraft:swim_one_cm":4904,"minecraft:interact_with_crafting_table":1,"minecraft:fly_one_cm":1939,"minecraft:open_chest":1,"minecraft:play_time":11641,"minecraft:sneak_time":59,"minecraft:walk_under_water_one_cm":2920,"minecraft:aviate_one_cm":107,"minecraft:jump":37,"minecraft:leave_game":2,"minecraft:time_since_death":11641,"minecraft:walk_on_water_one_cm":714,"minecraft:climb_one_cm":1726,"minecraft:total_world_time":11641,"minecraft:hex":0,"minecraft:fall_one_cm":409},"minecraft:mined":{"minecraft:furnace":1,"minecraft:jungle_leaves":21,"minecraft:crafting_table":1,"minecraft:grass":3,"minecraft:vine":8,"minecraft:chest":1,"minecraft:jungle_log":16,"minecraft:campfire":2,"minecraft:oak_leaves":4,"minecraft:fern":1},"minecraft:picked_up":{"minecraft:charcoal":8,"minecraft:stick":19,"minecraft:cooked_beef":2,"minecraft:jungle_log":23,"minecraft:potato":1,"minecraft:jungle_planks":64,"minecraft:cooked_salmon":8,"minecraft:diamond":1,"minecraft:iron_ingot":5,"minecraft:jungle_sapling":2,"minecraft:emerald":13,"minecraft:chest":1,"minecraft:furnace":1},"minecraft:used":{"minecraft:wooden_axe":2,"minecraft:chest":1,"minecraft:wooden_pickaxe":1}},"DataVersion":3465}