{"stats":{"minecraft:killed":{"minecraft:salmon":7,"minecraft:rabbit":1,"minecraft:spider":1,"minecraft:skeleton":1,"minecraft:zombie":2,"minecraft:chicken":2,"minecraft:drowned":1},"minecraft:killed_by":{"minecraft:creeper":1},"minecraft:picked_up":{"minecraft:crafting_table":3,"minecraft:wheat":2,"minecraft:feather":8,"minecraft:chicken":3,"minecraft:ladder":4,"minecraft:salmon":6,"minecraft:dirt":100,"minecraft:string":1,"minecraft:bone":2,"minecraft:kelp":7,"minecraft:wheat_seeds":13,"minecraft:spruce_planks":50,"minecraft:rabbit":1,"minecraft:chest":1,"minecraft:iron_sword":2,"minecraft:spruce_trapdoor":9,"minecraft:egg":44,"minecraft:stick":35,"minecraft:raw_iron":3,"minecraft:sweet_berries":7,"minecraft:sand":5,"minecraft:spruce_sapling":98,"minecraft:spruce_log":260,"minecraft:spider_eye":1,"minecraft:spruce_door":2,"minecraft:rabbit_foot":1,"minecraft:arrow":4,"minecraft:rotten_flesh":5,"minecraft:cobblestone":225},"minecraft:broken":{"minecraft:stone_pickaxe":1,"minecraft:stone_axe":1,"minecraft:wooden_axe":1},"minecraft:crafted":{"minecraft:wooden_shovel":1,"minecraft:stone_shovel":2,"minecraft:spruce_planks":468,"minecraft:wooden_pickaxe":1,"minecraft:cooked_salmon":6,"minecraft:campfire":1,"minecraft:stone_axe":3,"minecraft:spruce_trapdoor":4,"minecraft:charcoal":93,"minecraft:ladder":6,"minecraft:spruce_slab":12,"minecraft:stick":204,"minecraft:iron_ingot":4,"minecraft:stone_pickaxe":3,"minecraft:wooden_axe":2,"minecraft:stone_sword":1,"minecraft:chest":4,"minecraft:torch":96,"minecraft:stone_hoe":1,"minecraft:cooked_rabbit":1},"minecraft:mined":{"minecraft:spruce_planks":21,"minecraft:kelp_plant":2,"minecraft:spruce_door":1,"minecraft:crafting_table":3,"minecraft:spruce_trapdoor":7,"minecraft:ladder":3,"minecraft:grass_block":50,"minecraft:chest":1,"minecraft:spruce_leaves":28,"minecraft:frosted_ice":1,"minecraft:kelp":1,"minecraft:large_fern":35,"minecraft:seagrass":1,"minecraft:spruce_sapling":2,"minecraft:wheat":2,"minecraft:iron_ore":3,"minecraft:sweet_berry_bush":8,"minecraft:spruce_log":267,"minecraft:grass":15,"minecraft:sand":6,"minecraft:dirt":34,"minecraft:stone":225,"minecraft:fern":41},"minecraft:dropped":{"minecraft:spruce_sapling":1},"minecraft:custom":{"minecraft:interact_with_furnace":37,"minecraft:mob_kills":16,"minecraft:animals_bred":7,"minecraft:interact_with_crafting_table":27,"minecraft:leave_game":1,"minecraft:time_since_death":32649,"minecraft:climb_one_cm":7244,"minecraft:time_since_rest":32707,"minecraft:sprint_one_cm":57977,"minecraft:damage_taken":804,"minecraft:walk_one_cm":515922,"minecraft:drop":1,"minecraft:damage_dealt":1346,"minecraft:swim_one_cm":26098,"minecraft:fly_one_cm":43182,"minecraft:open_chest":78,"minecraft:crouch_one_cm":148,"minecraft:play_time":150009,"minecraft:deaths":1,"minecraft:sneak_time":161,"minecraft:walk_under_water_one_cm":36535,"minecraft:jump":640,"minecraft:walk_on_water_one_cm":29438,"minecraft:total_world_time":150009,"minecraft:fall_one_cm":7344},"minecraft:used":{"minecraft:wheat_seeds":16,"minecraft:water_bucket":52,"minecraft:stone_sword":69,"minecraft:spruce_slab":11,"minecraft:stone_shovel":14,"minecraft:stone_pickaxe":209,"minecraft:ladder":9,"minecraft:oak_sign":1,"minecraft:chest":5,"minecraft:spruce_planks":21,"minecraft:wooden_pickaxe":20,"minecraft:cooked_salmon":3,"minecraft:rotten_flesh":5,"minecraft:torch":1,"minecraft:dirt":46,"minecraft:crafting_table":3,"minecraft:campfire":1,"minecraft:wooden_axe":74,"minecraft:wooden_hoe":14,"minecraft:grass_block":12,"minecraft:spruce_trapdoor":14,"minecraft:spruce_sapling":47,"minecraft:stone_axe":253,"minecraft:sweet_berries":3,"minecraft:cooked_cod":3,"minecraft:bucket":1,"minecraft:egg":31}},"DataVersion":3465}