{"stats":{"minecraft:killed_by":{"minecraft:skeleton":1,"minecraft:creeper":1},"minecraft:dropped":{"minecraft:orange_bed":3},"minecraft:crafted":{"minecraft:bamboo_planks":4,"minecraft:iron_axe":1,"minecraft:orange_bed":5,"minecraft:jungle_planks":24},"minecraft:custom":{"minecraft:time_since_rest":9934,"lootr:looted_stat":4,"minecraft:sprint_one_cm":122054,"minecraft:damage_taken":820,"minecraft:walk_one_cm":110387,"minecraft:mob_kills":12,"minecraft:drop":3,"minecraft:damage_dealt":1781,"minecraft:swim_one_cm":3877,"minecraft:interact_with_crafting_table":3,"minecraft:fly_one_cm":123874,"minecraft:play_time":30442,"minecraft:crouch_one_cm":63,"minecraft:sneak_time":14,"minecraft:deaths":2,"minecraft:walk_under_water_one_cm":5955,"minecraft:jump":661,"minecraft:leave_game":4,"minecraft:time_since_death":9902,"minecraft:walk_on_water_one_cm":9664,"minecraft:total_world_time":30442,"minecraft:climb_one_cm":2413,"minecraft:hex":0,"minecraft:fall_one_cm":13557},"minecraft:mined":{"minecraft:bamboo_slab":1,"minecraft:hay_block":1,"minecraft:birch_log":11,"minecraft:orange_wool":21,"minecraft:pumpkin":3,"minecraft:spruce_trapdoor":1,"minecraft:grass":17,"minecraft:grass_block":4,"minecraft:oak_log":14,"minecraft:melon":3,"minecraft:vine":7,"minecraft:jungle_log":12,"minecraft:campfire":1,"minecraft:stripped_bamboo_block":2,"minecraft:bamboo_block":4,"minecraft:oak_leaves":8,"minecraft:fern":1},"minecraft:killed":{"minecraft:sheep":1,"minecraft:zombie":4,"minecraft:creeper":1,"minecraft:cow":4},"minecraft:picked_up":{"minecraft:birch_log":11,"minecraft:charcoal":2,"minecraft:stick":3,"simplehats:hatbag_common":1,"minecraft:pumpkin":3,"minecraft:jungle_log":14,"minecraft:leather":4,"minecraft:bamboo_slab":1,"minecraft:potato":2,"minecraft:orange_banner":1,"minecraft:oak_log":14,"minecraft:gunpowder":2,"minecraft:dirt":17,"minecraft:orange_wool":20,"minecraft:lantern":2,"minecraft:orange_bed":1,"minecraft:bamboo_block":4,"minecraft:stripped_bamboo_block":2,"minecraft:iron_shovel":1,"minecraft:rotten_flesh":2,"minecraft:sea_pickle":1,"minecraft:wheat_seeds":3,"minecraft:hay_block":1,"minecraft:beef":8,"minecraft:spruce_sign":3,"minecraft:melon_slice":18,"minecraft:white_wool":1},"minecraft:used":{"minecraft:iron_shovel":4,"minecraft:melon_slice":14,"minecraft:iron_axe":80,"minecraft:spruce_sign":1,"minecraft:dirt":1,"minecraft:orange_banner":1,"minecraft:jungle_planks":9}},"DataVersion":3465}