{"stats":{"minecraft:killed_by":{"minecraft:skeleton":1,"minecraft:creeper":1},"minecraft:dropped":{"minecraft:gravel":5,"minecraft:wheat_seeds":3,"minecraft:flint":2,"minecraft:dirt":15,"minecraft:gunpowder":2,"minecraft:gold_nugget":2,"minecraft:wooden_pickaxe":2,"minecraft:orange_bed":3,"minecraft:bamboo_slab":4,"minecraft:white_wool":1},"minecraft:crafted":{"minecraft:oak_planks":12,"minecraft:crafting_table":1,"minecraft:wooden_pickaxe":1,"minecraft:stone":3,"minecraft:jungle_planks":28,"minecraft:bamboo_planks":4,"minecraft:iron_axe":1,"minecraft:stick":16,"minecraft:iron_pickaxe":1,"minecraft:iron_ingot":9,"minecraft:stone_pickaxe":1,"minecraft:iron_block":1,"minecraft:orange_bed":5},"minecraft:custom":{"minecraft:interact_with_furnace":3,"lootr:looted_stat":20,"minecraft:mob_kills":14,"minecraft:interact_with_crafting_table":8,"minecraft:open_barrel":1,"minecraft:leave_game":4,"minecraft:time_since_death":33902,"minecraft:sleep_in_bed":1,"minecraft:hex":0,"minecraft:climb_one_cm":3138,"minecraft:time_since_rest":20206,"minecraft:sprint_one_cm":220121,"minecraft:damage_taken":1000,"minecraft:walk_one_cm":159990,"minecraft:drop":37,"minecraft:damage_dealt":2030,"minecraft:swim_one_cm":8630,"minecraft:talked_to_villager":6,"minecraft:fly_one_cm":296377,"minecraft:crouch_one_cm":64,"minecraft:play_time":54442,"minecraft:deaths":2,"minecraft:sneak_time":49,"minecraft:walk_under_water_one_cm":6328,"minecraft:jump":1327,"minecraft:interact_with_blast_furnace":7,"minecraft:walk_on_water_one_cm":10203,"minecraft:total_world_time":54442,"minecraft:fall_one_cm":35726},"minecraft:mined":{"minecraft:bamboo_slab":1,"minecraft:spruce_planks":1,"minecraft:orange_wool":21,"minecraft:spruce_trapdoor":1,"minecraft:spruce_fence":1,"minecraft:grass_block":5,"minecraft:melon":3,"minecraft:jungle_log":12,"minecraft:campfire":1,"minecraft:bamboo_block":4,"minecraft:deepslate_copper_ore":1,"minecraft:hay_block":1,"minecraft:raw_iron_block":1,"minecraft:raw_gold_block":1,"minecraft:birch_log":11,"minecraft:pumpkin":3,"minecraft:grass":24,"minecraft:oak_log":14,"minecraft:vine":7,"minecraft:gravel":6,"minecraft:dirt":2,"minecraft:stripped_bamboo_block":2,"minecraft:stone":3,"minecraft:oak_leaves":8,"minecraft:fern":2},"minecraft:killed":{"minecraft:pig":2,"minecraft:creeper":1,"minecraft:sheep":1,"minecraft:zombie":4,"minecraft:cow":4},"minecraft:picked_up":{"minecraft:birch_log":11,"minecraft:charcoal":2,"minecraft:clock":1,"minecraft:jungle_log":14,"minecraft:leather":4,"minecraft:wooden_pickaxe":1,"minecraft:potato":2,"minecraft:orange_banner":1,"minecraft:flint":2,"simplehats:bowler":1,"minecraft:oak_log":14,"minecraft:gunpowder":2,"minecraft:dirt":35,"minecraft:lantern":2,"minecraft:stripped_bamboo_block":2,"minecraft:iron_shovel":1,"minecraft:sea_pickle":1,"minecraft:gold_nugget":1,"minecraft:wheat_seeds":6,"minecraft:spruce_planks":1,"minecraft:beef":8,"simplehats:spyzombie":1,"minecraft:melon_slice":18,"minecraft:stick":3,"progression_reborn:raw_copper_nugget":8,"minecraft:raw_gold_block":1,"simplehats:hatbag_common":1,"minecraft:pumpkin":3,"minecraft:raw_iron_block":1,"minecraft:spruce_fence":1,"minecraft:bamboo_slab":5,"minecraft:gravel":10,"minecraft:orange_wool":20,"minecraft:orange_bed":1,"minecraft:bamboo_block":8,"minecraft:rotten_flesh":7,"minecraft:hay_block":1,"minecraft:spruce_sign":3,"minecraft:white_wool":2,"minecraft:cobblestone":3},"minecraft:used":{"minecraft:iron_shovel":4,"minecraft:stone_pickaxe":3,"minecraft:spruce_planks":1,"minecraft:wooden_pickaxe":4,"minecraft:spruce_sign":1,"minecraft:dirt":4,"minecraft:crafting_table":1,"minecraft:jungle_planks":10,"minecraft:spruce_fence":1,"minecraft:iron_axe":94,"minecraft:melon_slice":23,"minecraft:bread":3,"minecraft:iron_pickaxe":2,"minecraft:gravel":5,"minecraft:golden_leggings":1,"minecraft:orange_banner":1,"minecraft:bamboo_planks":3}},"DataVersion":3465}