{"stats":{"minecraft:picked_up":{"minecraft:wooden_axe":1,"minecraft:stick":21,"minecraft:sweet_berries":30,"minecraft:sand":22,"minecraft:spruce_sapling":32,"minecraft:spruce_log":95,"minecraft:dirt":4,"minecraft:cooked_salmon":1,"minecraft:bone":4,"minecraft:arrow":4,"minecraft:wheat_seeds":1,"minecraft:spruce_planks":68,"minecraft:rabbit":1},"minecraft:dropped":{"minecraft:spruce_trapdoor":2,"minecraft:spruce_planks":91,"minecraft:wooden_axe":1,"minecraft:feather":2},"minecraft:used":{"minecraft:wooden_axe":106,"minecraft:spruce_planks":82,"minecraft:spruce_sapling":10,"minecraft:wooden_sword":9,"minecraft:dirt":3,"minecraft:sand":2,"minecraft:sweet_berries":2,"minecraft:cooked_cod":2,"minecraft:cooked_rabbit":1,"minecraft:spruce_log":1},"minecraft:crafted":{"minecraft:cooked_cod":5,"minecraft:wooden_sword":1,"minecraft:spruce_trapdoor":2,"minecraft:spruce_planks":140,"minecraft:stick":4,"minecraft:wooden_axe":2,"minecraft:cooked_rabbit":1,"minecraft:air":0,"warhammersmod:hammer_wood":1},"minecraft:custom":{"minecraft:time_since_rest":49675,"minecraft:interact_with_furnace":3,"minecraft:sprint_one_cm":53828,"minecraft:damage_taken":200,"minecraft:walk_one_cm":106266,"minecraft:drop":33,"minecraft:damage_dealt":378,"minecraft:swim_one_cm":20997,"minecraft:interact_with_crafting_table":10,"minecraft:fly_one_cm":57791,"minecraft:open_chest":11,"minecraft:play_time":49675,"minecraft:sneak_time":2,"minecraft:walk_under_water_one_cm":7276,"minecraft:jump":513,"minecraft:leave_game":1,"minecraft:walk_on_water_one_cm":5552,"minecraft:time_since_death":49675,"minecraft:climb_one_cm":466,"minecraft:total_world_time":49675,"minecraft:fall_one_cm":11599},"minecraft:broken":{"minecraft:wooden_axe":1},"minecraft:mined":{"minecraft:large_fern":1,"minecraft:spruce_planks":5,"minecraft:spruce_log":89,"minecraft:grass_block":3,"minecraft:sand":20,"minecraft:dirt":1,"minecraft:spruce_leaves":2}},"DataVersion":3465}