{"stats":{"minecraft:killed_by":{"minecraft:skeleton":1,"minecraft:creeper":1},"minecraft:dropped":{"minecraft:gravel":5,"minecraft:flint":2,"minecraft:wooden_pickaxe":1,"minecraft:orange_bed":3,"minecraft:bamboo_slab":1,"minecraft:white_wool":1},"minecraft:crafted":{"minecraft:oak_planks":12,"minecraft:crafting_table":1,"minecraft:wooden_pickaxe":1,"minecraft:jungle_planks":28,"minecraft:bamboo_planks":4,"minecraft:iron_axe":1,"minecraft:stick":16,"minecraft:orange_bed":5},"minecraft:custom":{"lootr:looted_stat":14,"minecraft:mob_kills":14,"minecraft:interact_with_crafting_table":6,"minecraft:leave_game":4,"minecraft:time_since_death":21902,"minecraft:sleep_in_bed":1,"minecraft:hex":0,"minecraft:climb_one_cm":2882,"minecraft:time_since_rest":8206,"minecraft:sprint_one_cm":169005,"minecraft:damage_taken":920,"minecraft:walk_one_cm":141030,"minecraft:drop":13,"minecraft:damage_dealt":2000,"minecraft:swim_one_cm":8630,"minecraft:talked_to_villager":6,"minecraft:fly_one_cm":187470,"minecraft:crouch_one_cm":64,"minecraft:play_time":42442,"minecraft:deaths":2,"minecraft:sneak_time":42,"minecraft:walk_under_water_one_cm":6328,"minecraft:jump":948,"minecraft:interact_with_blast_furnace":2,"minecraft:walk_on_water_one_cm":10203,"minecraft:total_world_time":42442,"minecraft:fall_one_cm":21940},"minecraft:mined":{"minecraft:bamboo_slab":1,"minecraft:spruce_planks":1,"minecraft:orange_wool":21,"minecraft:spruce_trapdoor":1,"minecraft:spruce_fence":1,"minecraft:grass_block":5,"minecraft:melon":3,"minecraft:jungle_log":12,"minecraft:campfire":1,"minecraft:bamboo_block":4,"minecraft:hay_block":1,"minecraft:birch_log":11,"minecraft:pumpkin":3,"minecraft:grass":24,"minecraft:oak_log":14,"minecraft:vine":7,"minecraft:gravel":6,"minecraft:dirt":2,"minecraft:stripped_bamboo_block":2,"minecraft:stone":3,"minecraft:oak_leaves":8,"minecraft:fern":2},"minecraft:killed":{"minecraft:pig":2,"minecraft:creeper":1,"minecraft:sheep":1,"minecraft:zombie":4,"minecraft:cow":4},"minecraft:picked_up":{"minecraft:birch_log":11,"minecraft:charcoal":2,"minecraft:jungle_log":14,"minecraft:leather":4,"minecraft:wooden_pickaxe":1,"minecraft:potato":2,"minecraft:orange_banner":1,"minecraft:flint":2,"simplehats:bowler":1,"minecraft:oak_log":14,"minecraft:gunpowder":2,"minecraft:dirt":19,"minecraft:lantern":2,"minecraft:stripped_bamboo_block":2,"minecraft:iron_shovel":1,"minecraft:sea_pickle":1,"minecraft:wheat_seeds":3,"minecraft:spruce_planks":1,"minecraft:beef":8,"simplehats:spyzombie":1,"minecraft:melon_slice":18,"minecraft:stick":3,"simplehats:hatbag_common":1,"minecraft:pumpkin":3,"minecraft:spruce_fence":1,"minecraft:bamboo_slab":2,"minecraft:gravel":10,"minecraft:orange_wool":20,"minecraft:orange_bed":1,"minecraft:bamboo_block":8,"minecraft:rotten_flesh":7,"minecraft:hay_block":1,"minecraft:spruce_sign":3,"minecraft:white_wool":2,"minecraft:cobblestone":3},"minecraft:used":{"minecraft:iron_shovel":4,"minecraft:spruce_planks":1,"minecraft:wooden_pickaxe":4,"minecraft:spruce_sign":1,"minecraft:dirt":4,"minecraft:crafting_table":1,"minecraft:jungle_planks":10,"minecraft:spruce_fence":1,"minecraft:iron_axe":94,"minecraft:melon_slice":17,"minecraft:bread":1,"minecraft:gravel":5,"minecraft:orange_banner":1,"minecraft:bamboo_planks":3}},"DataVersion":3465}