{"stats":{"minecraft:killed_by":{"minecraft:stray":1},"minecraft:picked_up":{"minecraft:wooden_axe":1,"minecraft:stick":21,"minecraft:sweet_berries":30,"minecraft:torch":2,"minecraft:potion":3,"minecraft:sand":22,"minecraft:spruce_sapling":33,"minecraft:spruce_log":95,"minecraft:dirt":8,"minecraft:cooked_salmon":1,"minecraft:wooden_sword":2,"minecraft:bone":4,"minecraft:arrow":4,"minecraft:wheat_seeds":1,"minecraft:spruce_planks":71,"minecraft:rabbit":1,"warhammersmod:hammer_wood":1},"minecraft:dropped":{"minecraft:spruce_trapdoor":2,"minecraft:spruce_planks":91,"minecraft:wooden_axe":1,"minecraft:feather":2,"minecraft:wooden_sword":2},"minecraft:used":{"minecraft:wooden_axe":110,"minecraft:spruce_planks":93,"minecraft:spruce_sign":2,"minecraft:spruce_sapling":10,"minecraft:torch":6,"immersive_armors:wooden_boots":1,"minecraft:wooden_sword":21,"minecraft:dirt":3,"minecraft:sand":2,"minecraft:potion":1,"warhammersmod:hammer_wood":3,"minecraft:sweet_berries":24,"minecraft:cooked_cod":2,"minecraft:cooked_rabbit":1,"minecraft:spruce_log":1},"minecraft:crafted":{"immersive_armors:wooden_boots":1,"minecraft:cooked_cod":5,"minecraft:wooden_sword":1,"minecraft:spruce_trapdoor":2,"minecraft:charcoal":1,"minecraft:spruce_sign":3,"minecraft:spruce_planks":256,"minecraft:stick":4,"minecraft:wooden_axe":10,"minecraft:torch":4,"minecraft:cooked_rabbit":1,"minecraft:air":0,"immersive_armors:wooden_chestplate":1,"warhammersmod:hammer_wood":1},"minecraft:custom":{"minecraft:time_since_rest":30311,"minecraft:interact_with_furnace":6,"minecraft:sprint_one_cm":122922,"minecraft:damage_taken":567,"minecraft:walk_one_cm":201261,"minecraft:drop":35,"minecraft:damage_dealt":583,"minecraft:swim_one_cm":21855,"minecraft:interact_with_crafting_table":16,"minecraft:fly_one_cm":158957,"minecraft:open_barrel":4,"minecraft:open_chest":22,"minecraft:play_time":83352,"minecraft:deaths":1,"minecraft:sneak_time":3,"minecraft:walk_under_water_one_cm":8336,"minecraft:jump":965,"minecraft:interact_with_brewingstand":1,"minecraft:leave_game":2,"minecraft:walk_on_water_one_cm":9634,"minecraft:time_since_death":30295,"minecraft:climb_one_cm":1863,"minecraft:total_world_time":83352,"minecraft:fall_one_cm":20884},"minecraft:broken":{"minecraft:wooden_axe":1},"minecraft:mined":{"minecraft:large_fern":1,"minecraft:spruce_planks":8,"minecraft:sweet_berry_bush":4,"minecraft:spruce_log":89,"minecraft:grass_block":7,"minecraft:sand":20,"minecraft:dirt":3,"minecraft:spruce_leaves":2,"minecraft:wall_torch":2}},"DataVersion":3465}