{"stats":{"minecraft:killed":{"minecraft:cave_spider":6,"minecraft:salmon":3,"minecraft:spider":4,"minecraft:cod":11,"minecraft:slime":7,"minecraft:skeleton":19,"minecraft:sheep":1,"minecraft:zombie":26,"minecraft:chicken":5,"minecraft:stray":3},"minecraft:picked_up":{"warhammersmod:hammer_wood":1,"minecraft:crafting_table":1,"minecraft:feather":4,"minecraft:chicken":5,"minecraft:andesite":3,"minecraft:salmon":3,"minecraft:tuff":1,"minecraft:shield":1,"minecraft:cobblestone_stairs":1,"minecraft:dirt":102,"minecraft:string":61,"minecraft:bone":25,"minecraft:bow":4,"minecraft:cobbled_deepslate":14,"minecraft:raw_gold":19,"minecraft:spruce_planks":4,"minecraft:iron_sword":1,"minecraft:oak_planks":2,"minecraft:furnace":2,"minecraft:egg":2,"minecraft:tipped_arrow":2,"minecraft:stick":6,"minecraft:raw_iron":9,"minecraft:sweet_berries":17,"minecraft:torch":2,"minecraft:sand":5,"minecraft:spruce_sapling":13,"minecraft:diorite":2,"minecraft:spruce_log":46,"minecraft:redstone":29,"minecraft:spider_eye":2,"minecraft:bundle":1,"minecraft:arrow":23,"minecraft:purple_bed":2,"minecraft:light_gray_bed":1,"minecraft:rotten_flesh":33,"minecraft:slime_ball":7,"minecraft:diamond":11,"minecraft:granite":10,"minecraft:rail":3,"minecraft:mutton":2,"minecraft:cod":13,"minecraft:iron_bars":4,"minecraft:coal":26,"minecraft:white_wool":1,"minecraft:cobblestone":68},"minecraft:crafted":{"minecraft:cooked_cod":8,"minecraft:fishing_rod":1,"minecraft:crafting_table":3,"minecraft:spruce_planks":36,"minecraft:wooden_pickaxe":1,"minecraft:cooked_chicken":4,"immersive_armors:wooden_leggings":1,"minecraft:spruce_door":3,"minecraft:furnace":2,"minecraft:cooked_salmon":3,"minecraft:stone_axe":1,"minecraft:cooked_mutton":2,"minecraft:air":0,"immersive_armors:wooden_chestplate":1,"immersive_armors:wooden_boots":1,"minecraft:bow":3,"minecraft:stick":24,"minecraft:stone_pickaxe":1,"minecraft:wooden_axe":1,"immersive_armors:wooden_helmet":1,"minecraft:torch":48,"weaponworks:stone_scythe":1},"minecraft:mined":{"minecraft:deepslate_redstone_ore":6,"minecraft:tuff":1,"minecraft:spruce_planks":6,"minecraft:deepslate_diamond_ore":11,"minecraft:cobblestone_stairs":1,"minecraft:spruce_trapdoor":1,"minecraft:crafting_table":1,"minecraft:torch":1,"minecraft:granite":10,"minecraft:grass_block":15,"minecraft:light_gray_bed":1,"minecraft:redstone_wire":1,"minecraft:cobblestone":3,"minecraft:spruce_leaves":5,"minecraft:deepslate_gold_ore":19,"minecraft:oak_planks":2,"minecraft:wall_torch":1,"minecraft:diorite":2,"minecraft:spawner":4,"minecraft:large_fern":7,"minecraft:purple_bed":2,"minecraft:furnace":2,"minecraft:sweet_berry_bush":1,"minecraft:ice":4,"minecraft:spruce_log":56,"minecraft:andesite":3,"minecraft:coal_ore":26,"minecraft:deepslate_iron_ore":9,"minecraft:iron_bars":4,"minecraft:sand":6,"minecraft:dirt":44,"minecraft:cobweb":50,"minecraft:stone":66,"minecraft:deepslate":13,"minecraft:fern":2},"minecraft:dropped":{"minecraft:feather":2,"universal_graves:grave_compass":1,"minecraft:spruce_door":1,"warhammersmod:hammer_wood":1,"minecraft:bone":1,"minecraft:spruce_sapling":2},"minecraft:custom":{"minecraft:interact_with_furnace":19,"minecraft:mob_kills":85,"minecraft:animals_bred":1,"minecraft:interact_with_crafting_table":12,"minecraft:open_barrel":5,"minecraft:leave_game":3,"minecraft:time_since_death":31669,"minecraft:sleep_in_bed":1,"minecraft:climb_one_cm":4938,"minecraft:time_since_rest":31700,"minecraft:sprint_one_cm":184481,"minecraft:damage_absorbed":80,"minecraft:damage_taken":2116,"minecraft:walk_one_cm":573459,"minecraft:damage_blocked_by_shield":475,"minecraft:drop":8,"minecraft:damage_dealt":11062,"minecraft:swim_one_cm":61385,"minecraft:fly_one_cm":203529,"minecraft:open_chest":11,"minecraft:crouch_one_cm":731,"minecraft:play_time":124246,"minecraft:sneak_time":909,"minecraft:deaths":1,"minecraft:walk_under_water_one_cm":18817,"minecraft:interact_with_brewingstand":2,"minecraft:jump":1619,"minecraft:walk_on_water_one_cm":23285,"minecraft:total_world_time":124246,"minecraft:fall_one_cm":31282,"minecraft:fish_caught":2},"minecraft:used":{"minecraft:cooked_mutton":2,"minecraft:diorite":2,"minecraft:spruce_door":2,"minecraft:stone_pickaxe":114,"minecraft:redstone":1,"minecraft:spruce_planks":2,"minecraft:wooden_pickaxe":14,"minecraft:shield":36,"minecraft:iron_sword":207,"minecraft:cooked_salmon":3,"minecraft:cooked_chicken":4,"minecraft:rotten_flesh":23,"minecraft:torch":57,"minecraft:golden_apple":2,"minecraft:dirt":102,"minecraft:sand":2,"weaponworks:stone_scythe":45,"minecraft:crafting_table":4,"minecraft:tuff":1,"minecraft:wooden_axe":31,"minecraft:bread":1,"minecraft:iron_pickaxe":60,"minecraft:spruce_sapling":11,"minecraft:fishing_rod":3,"minecraft:stone_axe":59,"minecraft:purple_bed":2,"minecraft:sweet_berries":25,"minecraft:cooked_cod":8,"minecraft:furnace":3,"minecraft:andesite":3,"minecraft:egg":2}},"DataVersion":3465}