{"stats":{"minecraft:picked_up":{"warhammersmod:hammer_wood":1,"minecraft:crafting_table":1,"minecraft:feather":4,"minecraft:chicken":5,"minecraft:salmon":3,"minecraft:shield":1,"minecraft:cobblestone_stairs":1,"minecraft:dirt":75,"minecraft:string":5,"minecraft:bone":11,"minecraft:bow":1,"minecraft:spruce_planks":4,"minecraft:oak_planks":2,"minecraft:iron_sword":1,"minecraft:egg":2,"minecraft:furnace":1,"minecraft:tipped_arrow":2,"minecraft:stick":6,"minecraft:sweet_berries":17,"minecraft:sand":5,"minecraft:spruce_sapling":13,"minecraft:spruce_log":46,"minecraft:spider_eye":1,"minecraft:purple_bed":2,"minecraft:arrow":13,"minecraft:light_gray_bed":1,"minecraft:rotten_flesh":12,"minecraft:cod":13,"minecraft:iron_bars":4,"minecraft:mutton":2,"minecraft:coal":2,"minecraft:white_wool":1,"minecraft:cobblestone":28},"minecraft:dropped":{"minecraft:feather":2,"minecraft:spruce_door":1,"warhammersmod:hammer_wood":1,"minecraft:spruce_sapling":2,"minecraft:bone":1},"minecraft:used":{"minecraft:cooked_mutton":2,"minecraft:spruce_door":2,"minecraft:stone_pickaxe":28,"minecraft:shield":4,"minecraft:spruce_planks":2,"minecraft:wooden_pickaxe":14,"minecraft:iron_sword":58,"minecraft:cooked_salmon":1,"minecraft:cooked_chicken":4,"minecraft:rotten_flesh":9,"minecraft:torch":4,"minecraft:dirt":58,"minecraft:sand":2,"minecraft:crafting_table":4,"weaponworks:stone_scythe":45,"minecraft:wooden_axe":31,"minecraft:spruce_sapling":11,"minecraft:stone_axe":59,"minecraft:fishing_rod":3,"minecraft:purple_bed":2,"minecraft:sweet_berries":25,"minecraft:furnace":2,"minecraft:cooked_cod":4,"minecraft:egg":2},"minecraft:crafted":{"minecraft:cooked_cod":4,"minecraft:fishing_rod":1,"minecraft:crafting_table":3,"minecraft:spruce_planks":32,"minecraft:wooden_pickaxe":1,"minecraft:cooked_chicken":4,"immersive_armors:wooden_leggings":1,"minecraft:spruce_door":3,"minecraft:furnace":2,"minecraft:cooked_salmon":3,"minecraft:stone_axe":1,"minecraft:cooked_mutton":2,"minecraft:air":0,"immersive_armors:wooden_chestplate":1,"immersive_armors:wooden_boots":1,"minecraft:stick":16,"minecraft:stone_pickaxe":1,"minecraft:wooden_axe":1,"immersive_armors:wooden_helmet":1,"minecraft:torch":4,"weaponworks:stone_scythe":1},"minecraft:custom":{"minecraft:interact_with_furnace":15,"minecraft:mob_kills":46,"minecraft:animals_bred":1,"minecraft:interact_with_crafting_table":12,"minecraft:open_barrel":5,"minecraft:leave_game":3,"minecraft:time_since_death":78472,"minecraft:sleep_in_bed":1,"minecraft:climb_one_cm":4464,"minecraft:time_since_rest":15837,"minecraft:sprint_one_cm":99008,"minecraft:damage_taken":940,"minecraft:walk_one_cm":319241,"minecraft:damage_blocked_by_shield":115,"minecraft:drop":7,"minecraft:damage_dealt":5160,"minecraft:swim_one_cm":47785,"minecraft:fly_one_cm":153229,"minecraft:open_chest":7,"minecraft:crouch_one_cm":369,"minecraft:play_time":78472,"minecraft:sneak_time":497,"minecraft:walk_under_water_one_cm":15732,"minecraft:interact_with_brewingstand":2,"minecraft:jump":1064,"minecraft:walk_on_water_one_cm":15149,"minecraft:total_world_time":78472,"minecraft:fish_caught":2,"minecraft:fall_one_cm":22980},"minecraft:killed":{"minecraft:salmon":3,"minecraft:spider":4,"minecraft:cod":11,"minecraft:sheep":1,"minecraft:skeleton":10,"minecraft:zombie":9,"minecraft:chicken":5,"minecraft:stray":3},"minecraft:mined":{"minecraft:spruce_planks":6,"minecraft:cobblestone_stairs":1,"minecraft:crafting_table":1,"minecraft:spruce_trapdoor":1,"minecraft:grass_block":13,"minecraft:light_gray_bed":1,"minecraft:cobblestone":1,"minecraft:spruce_leaves":5,"minecraft:oak_planks":2,"minecraft:large_fern":7,"minecraft:purple_bed":2,"minecraft:furnace":1,"minecraft:sweet_berry_bush":1,"minecraft:ice":4,"minecraft:spruce_log":56,"minecraft:coal_ore":2,"minecraft:iron_bars":4,"minecraft:sand":6,"minecraft:dirt":19,"minecraft:cobweb":3,"minecraft:stone":28,"minecraft:fern":2}},"DataVersion":3465}