{"stats":{"minecraft:picked_up":{"warhammersmod:hammer_wood":1,"minecraft:crafting_table":1,"minecraft:feather":4,"minecraft:chicken":5,"minecraft:shield":1,"minecraft:cobblestone_stairs":1,"minecraft:dirt":75,"minecraft:string":5,"minecraft:bone":11,"minecraft:bow":1,"minecraft:spruce_planks":4,"minecraft:oak_planks":2,"minecraft:iron_sword":1,"minecraft:egg":2,"minecraft:furnace":1,"minecraft:tipped_arrow":2,"minecraft:stick":6,"minecraft:sweet_berries":17,"minecraft:sand":5,"minecraft:spruce_sapling":13,"minecraft:spruce_log":46,"minecraft:spider_eye":1,"minecraft:purple_bed":2,"minecraft:arrow":13,"minecraft:light_gray_bed":1,"minecraft:rotten_flesh":12,"minecraft:cod":7,"minecraft:iron_bars":4,"minecraft:mutton":2,"minecraft:coal":2,"minecraft:white_wool":1,"minecraft:cobblestone":28},"minecraft:dropped":{"minecraft:feather":2,"minecraft:spruce_door":1,"warhammersmod:hammer_wood":1,"minecraft:spruce_sapling":2,"minecraft:bone":1},"minecraft:used":{"minecraft:cooked_mutton":2,"minecraft:spruce_door":2,"minecraft:stone_pickaxe":28,"minecraft:shield":4,"minecraft:spruce_planks":2,"minecraft:wooden_pickaxe":14,"minecraft:iron_sword":48,"minecraft:cooked_chicken":4,"minecraft:rotten_flesh":9,"minecraft:torch":4,"minecraft:dirt":54,"minecraft:sand":2,"minecraft:crafting_table":3,"weaponworks:stone_scythe":45,"minecraft:wooden_axe":31,"minecraft:spruce_sapling":11,"minecraft:stone_axe":59,"minecraft:purple_bed":1,"minecraft:sweet_berries":25,"minecraft:furnace":2,"minecraft:cooked_cod":2,"minecraft:egg":2},"minecraft:crafted":{"minecraft:cooked_cod":2,"minecraft:fishing_rod":1,"minecraft:crafting_table":3,"minecraft:spruce_planks":32,"minecraft:wooden_pickaxe":1,"minecraft:cooked_chicken":4,"immersive_armors:wooden_leggings":1,"minecraft:spruce_door":3,"minecraft:furnace":2,"minecraft:stone_axe":1,"minecraft:cooked_mutton":2,"minecraft:air":0,"immersive_armors:wooden_chestplate":1,"immersive_armors:wooden_boots":1,"minecraft:stick":16,"minecraft:stone_pickaxe":1,"minecraft:wooden_axe":1,"immersive_armors:wooden_helmet":1,"minecraft:torch":4,"weaponworks:stone_scythe":1},"minecraft:custom":{"minecraft:interact_with_furnace":10,"minecraft:mob_kills":39,"minecraft:animals_bred":1,"minecraft:interact_with_crafting_table":11,"minecraft:open_barrel":5,"minecraft:leave_game":2,"minecraft:time_since_death":67093,"minecraft:sleep_in_bed":1,"minecraft:climb_one_cm":4285,"minecraft:time_since_rest":4458,"minecraft:sprint_one_cm":87614,"minecraft:damage_taken":920,"minecraft:walk_one_cm":288236,"minecraft:damage_blocked_by_shield":115,"minecraft:drop":7,"minecraft:damage_dealt":4950,"minecraft:swim_one_cm":34781,"minecraft:fly_one_cm":135027,"minecraft:open_chest":7,"minecraft:crouch_one_cm":369,"minecraft:play_time":67093,"minecraft:sneak_time":447,"minecraft:walk_under_water_one_cm":10858,"minecraft:interact_with_brewingstand":2,"minecraft:jump":957,"minecraft:walk_on_water_one_cm":11416,"minecraft:total_world_time":67093,"minecraft:fall_one_cm":21666},"minecraft:killed":{"minecraft:spider":4,"minecraft:cod":7,"minecraft:sheep":1,"minecraft:skeleton":10,"minecraft:zombie":9,"minecraft:chicken":5,"minecraft:stray":3},"minecraft:mined":{"minecraft:spruce_planks":6,"minecraft:cobblestone_stairs":1,"minecraft:crafting_table":1,"minecraft:spruce_trapdoor":1,"minecraft:grass_block":13,"minecraft:light_gray_bed":1,"minecraft:cobblestone":1,"minecraft:spruce_leaves":2,"minecraft:oak_planks":2,"minecraft:large_fern":7,"minecraft:purple_bed":2,"minecraft:furnace":1,"minecraft:sweet_berry_bush":1,"minecraft:spruce_log":56,"minecraft:coal_ore":2,"minecraft:iron_bars":4,"minecraft:sand":6,"minecraft:dirt":19,"minecraft:cobweb":3,"minecraft:stone":28,"minecraft:fern":2}},"DataVersion":3465}