{"stats":{"minecraft:killed":{"minecraft:cave_spider":9,"minecraft:spider":6,"minecraft:cod":11,"minecraft:slime":7,"minecraft:skeleton":26,"minecraft:chicken":6,"minecraft:drowned":9,"minecraft:salmon":3,"minecraft:creeper":1,"minecraft:squid":2,"minecraft:sheep":1,"minecraft:zombie":32,"minecraft:stray":3,"minecraft:cow":6},"minecraft:killed_by":{"minecraft:spider":1},"minecraft:picked_up":{"minecraft:charcoal":10,"minecraft:crafting_table":1,"minecraft:chicken":6,"minecraft:shield":1,"minecraft:string":63,"minecraft:cobbled_deepslate":31,"minecraft:smooth_stone":3,"minecraft:spruce_planks":4,"minecraft:beef":12,"immersive_armors:wooden_leggings":1,"hangglider:hang_glider":1,"minecraft:egg":2,"minecraft:furnace":3,"minecraft:tipped_arrow":2,"minecraft:raw_iron":42,"minecraft:stick":6,"minecraft:stone":3,"minecraft:copper_ingot":1,"minecraft:torch":4,"minecraft:diorite":2,"minecraft:carrot":2,"minecraft:redstone":29,"minecraft:light_gray_bed":1,"minecraft:arrow":27,"minecraft:rotten_flesh":49,"minecraft:mutton":2,"minecraft:white_wool":1,"minecraft:iron_bars":4,"minecraft:cod":13,"minecraft:rail":3,"minecraft:cobblestone":68,"warhammersmod:hammer_wood":1,"minecraft:feather":5,"minecraft:salmon":3,"minecraft:andesite":3,"minecraft:leather":2,"minecraft:tuff":1,"minecraft:cobblestone_stairs":1,"minecraft:lantern":1,"minecraft:dirt":102,"minecraft:glass":13,"minecraft:bone":28,"minecraft:bow":5,"minecraft:raw_gold":32,"minecraft:polished_andesite_slab":1,"minecraft:oak_planks":3,"minecraft:iron_sword":1,"minecraft:sweet_berries":17,"minecraft:sand":21,"minecraft:spruce_sapling":13,"minecraft:ink_sac":4,"minecraft:spruce_log":46,"minecraft:spider_eye":3,"minecraft:bundle":1,"minecraft:polished_andesite":4,"minecraft:purple_bed":2,"minecraft:slime_ball":7,"minecraft:diamond":11,"minecraft:granite":10,"minecraft:baked_potato":6,"minecraft:mangrove_propagule":2,"minecraft:coal":26},"minecraft:broken":{"immersive_armors:wooden_boots":1,"immersive_armors:wooden_helmet":1,"minecraft:iron_sword":1},"minecraft:crafted":{"minecraft:fishing_rod":1,"minecraft:cooked_chicken":4,"minecraft:furnace":2,"minecraft:blast_furnace":1,"minecraft:cooked_mutton":2,"immersive_armors:wooden_chestplate":1,"minecraft:glass":3,"minecraft:bow":4,"minecraft:iron_boots":1,"minecraft:stone_pickaxe":1,"immersive_armors:wooden_helmet":1,"weaponworks:diamond_greatsword":1,"weaponworks:stone_scythe":1,"minecraft:blue_stained_glass":16,"minecraft:cooked_cod":8,"minecraft:crafting_table":5,"minecraft:spruce_planks":72,"travelersbackpack:backpack_tank":2,"minecraft:wooden_pickaxe":1,"minecraft:iron_helmet":1,"immersive_armors:wooden_leggings":1,"minecraft:spruce_door":9,"minecraft:cooked_salmon":3,"minecraft:golden_shovel":1,"travelersbackpack:blue_sleeping_bag":1,"minecraft:stone_axe":1,"minecraft:air":0,"weaponworks:wooden_rapier":1,"minecraft:blue_dye":4,"immersive_armors:wooden_boots":1,"minecraft:white_wool":3,"minecraft:charcoal":22,"minecraft:iron_chestplate":1,"minecraft:diamond_pickaxe":1,"minecraft:stick":36,"minecraft:iron_ingot":42,"minecraft:wooden_axe":1,"minecraft:blue_wool":2,"minecraft:gold_ingot":23,"minecraft:iron_leggings":1,"minecraft:torch":60,"minecraft:shears":1},"minecraft:mined":{"minecraft:tuff":1,"minecraft:spruce_planks":6,"minecraft:deepslate_diamond_ore":11,"minecraft:cobblestone_stairs":1,"minecraft:spruce_trapdoor":1,"minecraft:granite":10,"minecraft:grass_block":15,"minecraft:redstone_wire":1,"minecraft:light_gray_bed":1,"minecraft:polished_andesite_slab":1,"minecraft:spruce_leaves":5,"minecraft:mangrove_propagule":1,"minecraft:spawner":9,"minecraft:large_fern":7,"minecraft:furnace":3,"minecraft:andesite":3,"minecraft:deepslate_iron_ore":42,"minecraft:iron_bars":4,"minecraft:stone":66,"minecraft:deepslate_redstone_ore":6,"minecraft:crafting_table":1,"minecraft:torch":1,"minecraft:cobblestone":3,"minecraft:deepslate_gold_ore":32,"minecraft:oak_planks":2,"minecraft:diorite":2,"minecraft:wall_torch":2,"minecraft:purple_bed":2,"minecraft:sweet_berry_bush":1,"minecraft:ice":4,"minecraft:spruce_log":57,"minecraft:coal_ore":26,"minecraft:sand":22,"minecraft:dirt":44,"minecraft:cobweb":50,"minecraft:polished_andesite":5,"minecraft:deepslate":20,"minecraft:fern":2},"minecraft:dropped":{"minecraft:feather":2,"minecraft:copper_ingot":1,"minecraft:spruce_door":1,"weaponworks:wooden_rapier":1,"warhammersmod:hammer_wood":1,"immersive_armors:wooden_leggings":2,"minecraft:iron_pickaxe":1,"immersive_armors:wooden_chestplate":1,"minecraft:spruce_sapling":2,"minecraft:bone":1,"weaponworks:stone_scythe":1,"universal_graves:grave_compass":1,"minecraft:carrot":1,"minecraft:spider_eye":2},"minecraft:used":{"minecraft:redstone":1,"minecraft:spruce_planks":10,"minecraft:shield":64,"minecraft:iron_sword":260,"weaponworks:diamond_greatsword":36,"minecraft:cooked_salmon":3,"minecraft:cooked_chicken":4,"minecraft:rotten_flesh":35,"minecraft:iron_chestplate":1,"minecraft:torch":80,"minecraft:dirt":102,"weaponworks:stone_scythe":45,"minecraft:carrot":1,"minecraft:golden_shovel":15,"minecraft:tuff":1,"weaponworks:wooden_rapier":5,"minecraft:wooden_axe":31,"minecraft:lantern":1,"minecraft:iron_boots":1,"minecraft:sweet_berries":25,"minecraft:furnace":4,"minecraft:cooked_cod":8,"minecraft:egg":2,"minecraft:cobbled_deepslate":2,"minecraft:iron_leggings":1,"minecraft:cooked_mutton":2,"minecraft:diorite":2,"minecraft:spruce_door":7,"minecraft:polished_andesite":4,"minecraft:stone_pickaxe":114,"minecraft:baked_potato":19,"minecraft:oak_planks":1,"minecraft:wooden_pickaxe":14,"minecraft:golden_apple":2,"minecraft:sand":4,"minecraft:crafting_table":6,"minecraft:blast_furnace":1,"minecraft:painting":1,"minecraft:diamond_pickaxe":12,"minecraft:map":2,"minecraft:bread":1,"minecraft:iron_pickaxe":115,"minecraft:spruce_sapling":11,"minecraft:polished_andesite_slab":1,"minecraft:stone_axe":59,"minecraft:fishing_rod":6,"minecraft:purple_bed":2,"minecraft:andesite":3},"minecraft:custom":{"minecraft:mob_kills":122,"minecraft:animals_bred":1,"minecraft:interact_with_crafting_table":32,"minecraft:open_barrel":17,"minecraft:leave_game":4,"minecraft:time_since_death":50792,"minecraft:climb_one_cm":23012,"minecraft:sprint_one_cm":261306,"minecraft:walk_one_cm":724434,"minecraft:damage_blocked_by_shield":1240,"minecraft:drop":18,"minecraft:play_time":183161,"minecraft:deaths":2,"minecraft:sneak_time":1423,"minecraft:walk_under_water_one_cm":66438,"minecraft:jump":2345,"minecraft:interact_with_brewingstand":2,"minecraft:interact_with_blast_furnace":12,"minecraft:walk_on_water_one_cm":43479,"minecraft:total_world_time":183161,"minecraft:interact_with_furnace":39,"minecraft:sleep_in_bed":2,"minecraft:time_since_rest":123,"minecraft:damage_taken":3508,"minecraft:damage_absorbed":80,"minecraft:damage_dealt":17269,"minecraft:swim_one_cm":135636,"minecraft:fly_one_cm":315126,"minecraft:open_chest":38,"minecraft:crouch_one_cm":822,"minecraft:fish_caught":2,"minecraft:fall_one_cm":53563}},"DataVersion":3465}