{"stats":{"minecraft:crafted":{"minecraft:wooden_sword":1,"minecraft:oak_planks":8,"minecraft:fishing_rod":1,"minecraft:crafting_table":3,"minecraft:stick":8,"minecraft:wooden_axe":1,"minecraft:furnace":2,"minecraft:golden_pickaxe":1,"minecraft:cooked_salmon":1,"minecraft:jungle_planks":16,"minecraft:air":0},"minecraft:custom":{"minecraft:time_since_rest":3625,"minecraft:interact_with_furnace":3,"lootr:looted_stat":4,"minecraft:sprint_one_cm":36989,"minecraft:damage_taken":905,"minecraft:walk_one_cm":76133,"minecraft:mob_kills":14,"minecraft:drop":4,"minecraft:damage_dealt":2252,"minecraft:interact_with_crafting_table":8,"minecraft:swim_one_cm":20270,"minecraft:fly_one_cm":55446,"minecraft:play_time":22799,"minecraft:crouch_one_cm":50,"minecraft:sneak_time":66,"minecraft:deaths":3,"minecraft:walk_under_water_one_cm":5714,"minecraft:jump":343,"minecraft:leave_game":7,"minecraft:time_since_death":3534,"minecraft:walk_on_water_one_cm":3749,"minecraft:sleep_in_bed":1,"minecraft:total_world_time":22799,"minecraft:climb_one_cm":1936,"minecraft:hex":0,"minecraft:fall_one_cm":8977},"minecraft:dropped":{"minecraft:bread":10,"minecraft:potato":2,"minecraft:oak_button":1},"minecraft:used":{"minecraft:wooden_axe":33,"minecraft:fishing_rod":1,"minecraft:cooked_salmon":1,"minecraft:iron_sword":49,"minecraft:wooden_sword":2,"minecraft:dirt":20,"minecraft:rotten_flesh":8,"minecraft:orange_bed":1,"minecraft:crafting_table":6,"minecraft:furnace":1,"minecraft:golden_pickaxe":21},"minecraft:picked_up":{"minecraft:crafting_table":4,"minecraft:salmon":3,"minecraft:jungle_log":11,"minecraft:oak_fence":1,"minecraft:potato":1,"minecraft:oak_log":7,"minecraft:gunpowder":2,"minecraft:dirt":26,"minecraft:string":4,"botania:light_blue_mystical_flower":1,"minecraft:orange_bed":2,"minecraft:iron_shovel":2,"minecraft:bone":2,"minecraft:arrow":3,"minecraft:rotten_flesh":8,"minecraft:wheat_seeds":4,"simplehats:hatbag_uncommon":1,"minecraft:oak_button":1,"minecraft:oak_planks":1,"minecraft:cobblestone":20},"minecraft:killed_by":{"minecraft:skeleton":1,"minecraft:zombie":2},"minecraft:mined":{"minecraft:crafting_table":4,"minecraft:grass":19,"minecraft:grass_block":11,"minecraft:oak_log":7,"minecraft:vine":5,"minecraft:jungle_log":13,"minecraft:dirt":1,"minecraft:cobblestone":20,"minecraft:oak_leaves":1,"minecraft:fern":2,"minecraft:orange_bed":1},"minecraft:killed":{"minecraft:skeleton":2,"minecraft:zombie":4,"minecraft:salmon":3,"minecraft:spider":2,"minecraft:creeper":3}},"DataVersion":3465}