{"stats":{"minecraft:killed_by":{"minecraft:skeleton":2,"minecraft:zombie":2},"minecraft:dropped":{"minecraft:bread":10,"minecraft:potato":3,"minecraft:oak_button":1,"minecraft:cooked_beef":1,"universal_graves:grave_compass":1,"minecraft:cooked_salmon":4,"minecraft:jungle_log":8},"minecraft:crafted":{"minecraft:wooden_sword":1,"minecraft:oak_planks":8,"minecraft:fishing_rod":1,"minecraft:crafting_table":3,"minecraft:stick":12,"minecraft:wooden_axe":1,"minecraft:furnace":2,"minecraft:golden_pickaxe":1,"minecraft:cooked_salmon":8,"minecraft:jungle_planks":16,"minecraft:air":0},"minecraft:custom":{"minecraft:time_since_rest":11057,"minecraft:interact_with_furnace":12,"lootr:looted_stat":4,"minecraft:sprint_one_cm":46185,"minecraft:damage_taken":1175,"minecraft:walk_one_cm":150038,"minecraft:mob_kills":33,"minecraft:drop":13,"minecraft:damage_dealt":4715,"minecraft:interact_with_crafting_table":8,"minecraft:swim_one_cm":25744,"minecraft:fly_one_cm":82773,"minecraft:play_time":38517,"minecraft:crouch_one_cm":196,"minecraft:sneak_time":194,"minecraft:deaths":4,"minecraft:walk_under_water_one_cm":15741,"minecraft:jump":584,"minecraft:leave_game":8,"minecraft:time_since_death":10996,"minecraft:walk_on_water_one_cm":6237,"minecraft:sleep_in_bed":1,"minecraft:total_world_time":38517,"minecraft:climb_one_cm":2558,"minecraft:hex":0,"minecraft:fall_one_cm":12764},"minecraft:mined":{"minecraft:crafting_table":4,"minecraft:grass":29,"minecraft:grass_block":11,"minecraft:oak_log":7,"minecraft:vine":7,"minecraft:jungle_log":13,"minecraft:dirt":2,"minecraft:cobblestone":20,"minecraft:oak_leaves":4,"minecraft:fern":6,"minecraft:orange_bed":1},"minecraft:killed":{"minecraft:skeleton":2,"minecraft:zombie":12,"minecraft:salmon":10,"minecraft:spider":6,"minecraft:creeper":3},"minecraft:picked_up":{"minecraft:cooked_beef":2,"minecraft:stick":2,"minecraft:crafting_table":4,"minecraft:salmon":10,"minecraft:jungle_log":12,"minecraft:oak_fence":1,"minecraft:potato":1,"minecraft:oak_log":7,"simplehats:moreeyes":1,"minecraft:gunpowder":2,"minecraft:dirt":27,"minecraft:string":6,"botania:light_blue_mystical_flower":1,"minecraft:orange_bed":2,"minecraft:iron_shovel":2,"minecraft:bone":2,"minecraft:arrow":3,"minecraft:rotten_flesh":13,"minecraft:wheat_seeds":6,"simplehats:hatbag_uncommon":1,"minecraft:oak_button":1,"minecraft:oak_planks":1,"minecraft:cobblestone":20},"minecraft:used":{"minecraft:wooden_axe":33,"minecraft:cooked_salmon":2,"minecraft:wooden_sword":2,"minecraft:iron_sword":116,"minecraft:fishing_rod":2,"minecraft:dirt":25,"minecraft:rotten_flesh":13,"minecraft:orange_bed":1,"minecraft:crafting_table":6,"minecraft:furnace":1,"minecraft:golden_pickaxe":21}},"DataVersion":3465}