{"stats":{"minecraft:killed":{"minecraft:cave_spider":9,"minecraft:spider":6,"minecraft:cod":11,"minecraft:slime":7,"minecraft:skeleton":26,"minecraft:chicken":5,"minecraft:salmon":3,"minecraft:sheep":1,"minecraft:zombie":31,"minecraft:stray":3},"minecraft:killed_by":{"minecraft:spider":1},"minecraft:picked_up":{"minecraft:charcoal":10,"minecraft:crafting_table":1,"minecraft:chicken":5,"minecraft:shield":1,"minecraft:string":63,"minecraft:cobbled_deepslate":31,"minecraft:smooth_stone":3,"minecraft:spruce_planks":4,"immersive_armors:wooden_leggings":1,"minecraft:egg":2,"minecraft:furnace":3,"minecraft:tipped_arrow":2,"minecraft:raw_iron":42,"minecraft:stick":6,"minecraft:stone":3,"minecraft:torch":2,"minecraft:diorite":2,"minecraft:carrot":1,"minecraft:redstone":29,"minecraft:light_gray_bed":1,"minecraft:arrow":27,"minecraft:rotten_flesh":37,"minecraft:mutton":2,"minecraft:white_wool":1,"minecraft:iron_bars":4,"minecraft:cod":13,"minecraft:rail":3,"minecraft:cobblestone":68,"warhammersmod:hammer_wood":1,"minecraft:feather":4,"minecraft:salmon":3,"minecraft:andesite":3,"minecraft:tuff":1,"minecraft:cobblestone_stairs":1,"minecraft:dirt":102,"minecraft:bone":28,"minecraft:bow":5,"minecraft:raw_gold":32,"minecraft:oak_planks":3,"minecraft:iron_sword":1,"minecraft:sweet_berries":17,"minecraft:sand":5,"minecraft:spruce_sapling":13,"minecraft:spruce_log":46,"minecraft:spider_eye":3,"minecraft:bundle":1,"minecraft:purple_bed":2,"minecraft:slime_ball":7,"minecraft:diamond":11,"minecraft:granite":10,"minecraft:baked_potato":6,"minecraft:coal":26},"minecraft:broken":{"immersive_armors:wooden_boots":1,"immersive_armors:wooden_helmet":1,"minecraft:iron_sword":1},"minecraft:crafted":{"minecraft:fishing_rod":1,"minecraft:cooked_chicken":4,"minecraft:furnace":2,"minecraft:blast_furnace":1,"minecraft:cooked_mutton":2,"immersive_armors:wooden_chestplate":1,"minecraft:bow":3,"minecraft:iron_boots":1,"minecraft:stone_pickaxe":1,"immersive_armors:wooden_helmet":1,"weaponworks:diamond_greatsword":1,"weaponworks:stone_scythe":1,"minecraft:cooked_cod":8,"minecraft:crafting_table":3,"minecraft:spruce_planks":40,"minecraft:wooden_pickaxe":1,"minecraft:iron_helmet":1,"immersive_armors:wooden_leggings":1,"minecraft:spruce_door":3,"minecraft:cooked_salmon":3,"minecraft:stone_axe":1,"minecraft:air":0,"weaponworks:wooden_rapier":1,"immersive_armors:wooden_boots":1,"minecraft:iron_chestplate":1,"minecraft:diamond_pickaxe":1,"minecraft:stick":28,"minecraft:iron_ingot":42,"minecraft:wooden_axe":1,"minecraft:gold_ingot":14,"minecraft:iron_leggings":1,"minecraft:torch":60},"minecraft:mined":{"minecraft:tuff":1,"minecraft:spruce_planks":6,"minecraft:deepslate_diamond_ore":11,"minecraft:cobblestone_stairs":1,"minecraft:spruce_trapdoor":1,"minecraft:granite":10,"minecraft:grass_block":15,"minecraft:redstone_wire":1,"minecraft:light_gray_bed":1,"minecraft:spruce_leaves":5,"minecraft:spawner":5,"minecraft:large_fern":7,"minecraft:furnace":3,"minecraft:andesite":3,"minecraft:deepslate_iron_ore":42,"minecraft:iron_bars":4,"minecraft:stone":66,"minecraft:deepslate_redstone_ore":6,"minecraft:crafting_table":1,"minecraft:torch":1,"minecraft:cobblestone":3,"minecraft:deepslate_gold_ore":32,"minecraft:oak_planks":2,"minecraft:diorite":2,"minecraft:wall_torch":1,"minecraft:purple_bed":2,"minecraft:sweet_berry_bush":1,"minecraft:ice":4,"minecraft:spruce_log":56,"minecraft:coal_ore":26,"minecraft:sand":6,"minecraft:dirt":44,"minecraft:cobweb":50,"minecraft:deepslate":20,"minecraft:fern":2},"minecraft:dropped":{"minecraft:feather":2,"minecraft:spruce_door":1,"weaponworks:wooden_rapier":1,"warhammersmod:hammer_wood":1,"immersive_armors:wooden_leggings":2,"immersive_armors:wooden_chestplate":1,"minecraft:spruce_sapling":2,"minecraft:bone":1,"universal_graves:grave_compass":1},"minecraft:used":{"minecraft:redstone":1,"minecraft:spruce_planks":2,"minecraft:shield":62,"minecraft:iron_sword":260,"minecraft:cooked_salmon":3,"minecraft:cooked_chicken":4,"minecraft:rotten_flesh":35,"minecraft:iron_chestplate":1,"minecraft:torch":77,"minecraft:dirt":102,"weaponworks:stone_scythe":45,"minecraft:carrot":1,"minecraft:tuff":1,"weaponworks:wooden_rapier":5,"minecraft:wooden_axe":31,"minecraft:iron_boots":1,"minecraft:sweet_berries":25,"minecraft:furnace":4,"minecraft:cooked_cod":8,"minecraft:egg":2,"minecraft:cobbled_deepslate":2,"minecraft:iron_leggings":1,"minecraft:cooked_mutton":2,"minecraft:diorite":2,"minecraft:spruce_door":2,"minecraft:stone_pickaxe":114,"minecraft:baked_potato":2,"minecraft:oak_planks":1,"minecraft:wooden_pickaxe":14,"minecraft:golden_apple":2,"minecraft:sand":2,"minecraft:crafting_table":4,"minecraft:blast_furnace":1,"minecraft:painting":1,"minecraft:bread":1,"minecraft:iron_pickaxe":115,"minecraft:spruce_sapling":11,"minecraft:stone_axe":59,"minecraft:fishing_rod":3,"minecraft:purple_bed":2,"minecraft:andesite":3},"minecraft:custom":{"minecraft:mob_kills":102,"minecraft:animals_bred":1,"minecraft:interact_with_crafting_table":20,"minecraft:open_barrel":5,"minecraft:leave_game":3,"minecraft:time_since_death":15877,"minecraft:climb_one_cm":4938,"minecraft:sprint_one_cm":220628,"minecraft:walk_one_cm":657238,"minecraft:damage_blocked_by_shield":1140,"minecraft:drop":12,"minecraft:play_time":148246,"minecraft:deaths":2,"minecraft:sneak_time":912,"minecraft:walk_under_water_one_cm":18817,"minecraft:jump":1907,"minecraft:interact_with_brewingstand":2,"minecraft:interact_with_blast_furnace":9,"minecraft:walk_on_water_one_cm":23285,"minecraft:total_world_time":148246,"minecraft:interact_with_furnace":30,"minecraft:sleep_in_bed":1,"minecraft:time_since_rest":15907,"minecraft:damage_taken":2740,"minecraft:damage_absorbed":80,"minecraft:damage_dealt":14241,"minecraft:swim_one_cm":61385,"minecraft:fly_one_cm":236643,"minecraft:open_chest":18,"minecraft:crouch_one_cm":731,"minecraft:fish_caught":2,"minecraft:fall_one_cm":36156}},"DataVersion":3465}